id,crop_code,crop_name,category,suitable_ph_min,suitable_ph_max,growing_season,nutrient_requirements,created_at
1,YM001,玉米,粮食作物,6.0,7.5,春季播种，秋季收获,"{""N"": 180, ""P"": 80, ""K"": 150}",2024-08-22 04:43:00
2,XM001,小麦,粮食作物,6.5,7.5,秋季播种，夏季收获,"{""N"": 160, ""P"": 70, ""K"": 120}",2024-02-05 21:13:25
3,SD001,水稻,粮食作物,5.5,7.0,春季播种，秋季收获,"{""N"": 140, ""P"": 60, ""K"": 100}",2024-10-18 15:36:20
4,DD001,大豆,豆类作物,6.0,7.0,春季播种，秋季收获,"{""N"": 60, ""P"": 80, ""K"": 140}",2025-01-26 21:40:24
5,FQ001,番茄,蔬菜,6.0,7.0,春季播种，夏秋收获,"{""N"": 200, ""P"": 100, ""K"": 250}",2023-07-24 00:03:05
6,HG001,黄瓜,蔬菜,6.0,7.0,春夏播种，夏秋收获,"{""N"": 180, ""P"": 90, ""K"": 220}",2024-03-31 03:39:35
7,LJ001,辣椒,蔬菜,6.0,7.5,春季播种，夏秋收获,"{""N"": 160, ""P"": 80, ""K"": 200}",2024-09-25 07:05:46
8,QZ001,茄子,蔬菜,6.0,7.0,春季播种，夏秋收获,"{""N"": 170, ""P"": 85, ""K"": 210}",2024-09-10 07:25:13
9,BC001,白菜,蔬菜,6.0,7.5,秋季播种，冬季收获,"{""N"": 120, ""P"": 60, ""K"": 150}",2024-09-21 09:12:14
10,LB001,萝卜,根茎类,6.0,7.0,秋季播种，冬季收获,"{""N"": 100, ""P"": 50, ""K"": 180}",2023-08-04 20:01:36
11,CR011,高粱,粮食作物,5.3,7.4,四季种植,"{""N"": 203, ""P"": 89, ""K"": 143}",2025-05-22 18:49:01
12,CR012,谷子,粮食作物,5.1,7.8,秋季播种,"{""N"": 227, ""P"": 40, ""K"": 119}",2023-07-03 00:13:01
13,CR013,燕麦,饲料作物,6.3,7.7,四季种植,"{""N"": 152, ""P"": 47, ""K"": 165}",2023-09-24 19:53:28
14,CR014,荞麦,花卉,5.4,7.3,秋季播种,"{""N"": 128, ""P"": 118, ""K"": 289}",2025-04-24 23:25:29
15,CR015,薏米,花卉,6.4,6.9,春季播种,"{""N"": 246, ""P"": 86, ""K"": 250}",2024-02-01 12:36:52
16,CR016,芝麻,粮食作物,5.4,6.9,春季播种,"{""N"": 220, ""P"": 83, ""K"": 248}",2025-02-22 00:54:34
17,CR017,花生,蔬菜,6.0,7.4,四季种植,"{""N"": 134, ""P"": 69, ""K"": 192}",2024-10-05 22:44:09
18,CR018,向日葵,油料作物,5.4,7.5,秋季播种,"{""N"": 127, ""P"": 109, ""K"": 155}",2025-02-26 15:19:55
19,CR019,油菜,纤维作物,6.1,6.9,秋季播种,"{""N"": 169, ""P"": 58, ""K"": 275}",2024-11-04 14:10:44
20,CR020,亚麻,饲料作物,5.4,8.0,春季播种,"{""N"": 242, ""P"": 87, ""K"": 170}",2025-02-11 09:50:38
21,CR021,棉花,花卉,5.9,7.4,春季播种,"{""N"": 135, ""P"": 50, ""K"": 214}",2025-03-20 04:02:06
22,CR022,大麻,油料作物,6.1,7.6,四季种植,"{""N"": 110, ""P"": 53, ""K"": 139}",2024-03-12 19:05:06
23,CR023,甘蔗,粮食作物,5.8,6.9,秋季播种,"{""N"": 203, ""P"": 95, ""K"": 120}",2023-07-22 23:23:28
24,CR024,甜菜,粮食作物,5.9,6.5,春季播种,"{""N"": 207, ""P"": 107, ""K"": 137}",2024-02-14 21:29:25
25,CR025,烟草,粮食作物,6.3,7.6,四季种植,"{""N"": 236, ""P"": 53, ""K"": 125}",2024-04-30 10:31:03
26,CR026,茶叶,花卉,5.7,7.7,夏季播种,"{""N"": 243, ""P"": 109, ""K"": 112}",2025-03-30 22:27:26
27,CR027,咖啡,饲料作物,5.7,7.7,秋季播种,"{""N"": 236, ""P"": 64, ""K"": 157}",2025-05-26 17:12:59
28,CR028,可可,水果,5.9,7.3,四季种植,"{""N"": 207, ""P"": 52, ""K"": 260}",2023-12-07 14:35:28
29,CR029,橡胶,饲料作物,5.1,7.9,夏季播种,"{""N"": 190, ""P"": 106, ""K"": 104}",2024-02-24 14:15:52
30,CR030,桑树,蔬菜,5.5,6.9,秋季播种,"{""N"": 209, ""P"": 82, ""K"": 219}",2024-03-18 23:56:07
31,CR031,苹果,花卉,6.0,8.0,四季种植,"{""N"": 242, ""P"": 40, ""K"": 251}",2024-09-19 20:19:45
32,CR032,梨,药材,5.3,7.5,春季播种,"{""N"": 129, ""P"": 93, ""K"": 246}",2024-01-13 08:46:12
33,CR033,桃,纤维作物,6.1,7.4,秋季播种,"{""N"": 230, ""P"": 43, ""K"": 155}",2023-10-19 13:25:36
34,CR034,杏,粮食作物,6.1,6.7,春季播种,"{""N"": 153, ""P"": 104, ""K"": 116}",2024-03-22 13:18:32
35,CR035,李,水果,6.3,7.7,四季种植,"{""N"": 158, ""P"": 42, ""K"": 101}",2024-04-23 01:52:12
36,CR036,樱桃,药材,5.1,7.5,春季播种,"{""N"": 236, ""P"": 92, ""K"": 252}",2024-01-01 19:50:11
37,CR037,葡萄,花卉,6.0,7.2,夏季播种,"{""N"": 150, ""P"": 118, ""K"": 257}",2024-08-21 22:37:38
38,CR038,柑橘,花卉,5.2,6.8,四季种植,"{""N"": 132, ""P"": 61, ""K"": 177}",2024-10-24 01:31:00
39,CR039,柚子,粮食作物,5.7,6.5,秋季播种,"{""N"": 107, ""P"": 76, ""K"": 150}",2025-03-30 23:12:41
40,CR040,柠檬,水果,5.2,7.7,四季种植,"{""N"": 170, ""P"": 72, ""K"": 118}",2024-09-09 05:38:42
41,CR041,香蕉,药材,5.6,7.2,秋季播种,"{""N"": 216, ""P"": 66, ""K"": 223}",2024-08-24 04:01:14
42,CR042,菠萝,水果,5.6,7.9,秋季播种,"{""N"": 204, ""P"": 78, ""K"": 101}",2024-03-13 17:43:57
43,CR043,芒果,饲料作物,5.6,7.2,夏季播种,"{""N"": 81, ""P"": 97, ""K"": 169}",2025-06-02 23:25:24
44,CR044,荔枝,花卉,5.1,7.0,春季播种,"{""N"": 191, ""P"": 50, ""K"": 268}",2024-07-02 16:46:29
45,CR045,龙眼,粮食作物,6.4,6.7,四季种植,"{""N"": 143, ""P"": 63, ""K"": 149}",2024-01-13 09:12:56
46,CR046,杨梅,药材,5.5,7.7,春季播种,"{""N"": 141, ""P"": 62, ""K"": 224}",2024-12-08 17:21:15
47,CR047,草莓,饲料作物,5.7,6.8,秋季播种,"{""N"": 202, ""P"": 40, ""K"": 140}",2023-12-03 07:18:47
48,CR048,蓝莓,水果,6.3,6.9,四季种植,"{""N"": 126, ""P"": 102, ""K"": 298}",2025-03-06 02:50:00
49,CR049,猕猴桃,水果,5.0,7.3,春季播种,"{""N"": 91, ""P"": 78, ""K"": 106}",2024-10-11 14:44:20
50,CR050,石榴,花卉,6.3,6.8,秋季播种,"{""N"": 119, ""P"": 112, ""K"": 243}",2024-07-13 19:32:35
51,CR051,菠菜,药材,6.1,7.9,秋季播种,"{""N"": 163, ""P"": 67, ""K"": 157}",2024-03-12 15:15:21
52,CR052,韭菜,油料作物,5.4,7.9,夏季播种,"{""N"": 87, ""P"": 106, ""K"": 199}",2024-07-23 08:28:18
53,CR053,芹菜,油料作物,6.2,7.6,秋季播种,"{""N"": 152, ""P"": 88, ""K"": 225}",2024-12-01 09:22:05
54,CR054,莴苣,油料作物,6.4,7.6,四季种植,"{""N"": 150, ""P"": 115, ""K"": 241}",2025-05-14 08:54:26
55,CR055,生菜,花卉,5.3,7.1,夏季播种,"{""N"": 97, ""P"": 63, ""K"": 149}",2024-10-30 21:19:02
56,CR056,苋菜,蔬菜,6.3,7.3,夏季播种,"{""N"": 120, ""P"": 97, ""K"": 109}",2024-04-23 16:27:48
57,CR057,空心菜,花卉,5.6,7.2,四季种植,"{""N"": 117, ""P"": 120, ""K"": 241}",2024-07-30 17:07:16
58,CR058,茼蒿,纤维作物,5.6,6.6,夏季播种,"{""N"": 125, ""P"": 55, ""K"": 207}",2023-07-20 13:54:04
59,CR059,香菜,油料作物,6.0,6.6,秋季播种,"{""N"": 127, ""P"": 65, ""K"": 206}",2025-02-01 20:15:54
60,CR060,薄荷,粮食作物,6.3,7.6,夏季播种,"{""N"": 207, ""P"": 75, ""K"": 201}",2025-04-30 23:58:09
61,CR061,豆角,纤维作物,5.7,7.6,四季种植,"{""N"": 129, ""P"": 45, ""K"": 162}",2024-06-18 09:05:17
62,CR062,豌豆,粮食作物,5.5,6.9,四季种植,"{""N"": 176, ""P"": 74, ""K"": 162}",2023-11-13 13:57:53
63,CR063,蚕豆,蔬菜,6.3,6.8,秋季播种,"{""N"": 134, ""P"": 51, ""K"": 258}",2025-03-22 04:14:36
64,CR064,扁豆,药材,6.0,7.1,春季播种,"{""N"": 214, ""P"": 64, ""K"": 174}",2025-01-09 06:07:29
65,CR065,四季豆,水果,6.1,7.9,春季播种,"{""N"": 163, ""P"": 51, ""K"": 287}",2025-03-22 05:22:48
66,CR066,红豆,饲料作物,5.7,7.3,夏季播种,"{""N"": 250, ""P"": 66, ""K"": 245}",2024-09-01 06:07:20
67,CR067,绿豆,饲料作物,5.1,7.8,秋季播种,"{""N"": 165, ""P"": 89, ""K"": 153}",2024-07-16 21:58:27
68,CR068,黑豆,饲料作物,5.0,7.3,四季种植,"{""N"": 150, ""P"": 67, ""K"": 261}",2025-06-04 23:06:58
69,CR069,芸豆,饲料作物,6.3,6.9,夏季播种,"{""N"": 235, ""P"": 40, ""K"": 200}",2023-07-18 00:41:09
70,CR070,鹰嘴豆,蔬菜,5.1,7.8,夏季播种,"{""N"": 222, ""P"": 72, ""K"": 257}",2025-06-03 14:45:03
71,CR071,冬瓜,粮食作物,6.3,7.9,夏季播种,"{""N"": 94, ""P"": 94, ""K"": 112}",2024-10-01 06:33:15
72,CR072,南瓜,水果,6.3,6.7,秋季播种,"{""N"": 234, ""P"": 44, ""K"": 149}",2024-09-09 19:07:59
73,CR073,丝瓜,水果,5.7,6.7,四季种植,"{""N"": 202, ""P"": 114, ""K"": 123}",2024-02-06 15:32:23
74,CR074,苦瓜,粮食作物,5.6,7.8,秋季播种,"{""N"": 191, ""P"": 47, ""K"": 240}",2024-06-22 06:01:12
75,CR075,西葫芦,花卉,6.1,6.8,夏季播种,"{""N"": 143, ""P"": 108, ""K"": 242}",2024-03-23 12:27:50
76,CR076,佛手瓜,蔬菜,5.2,6.6,四季种植,"{""N"": 166, ""P"": 114, ""K"": 134}",2023-11-08 18:31:19
77,CR077,菜瓜,油料作物,6.4,6.9,秋季播种,"{""N"": 166, ""P"": 62, ""K"": 175}",2025-03-14 17:31:48
78,CR078,蛇瓜,纤维作物,6.1,6.6,春季播种,"{""N"": 175, ""P"": 76, ""K"": 210}",2024-07-14 00:30:53
79,CR079,瓠瓜,药材,6.0,6.7,秋季播种,"{""N"": 204, ""P"": 98, ""K"": 100}",2025-01-10 17:08:36
80,CR080,扁豆,粮食作物,6.5,7.2,四季种植,"{""N"": 90, ""P"": 75, ""K"": 246}",2024-03-04 12:11:03
81,CR081,土豆,水果,5.0,7.4,秋季播种,"{""N"": 242, ""P"": 65, ""K"": 256}",2024-08-26 20:29:16
82,CR082,红薯,花卉,5.8,7.5,四季种植,"{""N"": 204, ""P"": 85, ""K"": 162}",2023-10-19 15:25:54
83,CR083,山药,纤维作物,6.3,7.2,夏季播种,"{""N"": 165, ""P"": 108, ""K"": 109}",2025-01-06 03:35:33
84,CR084,芋头,饲料作物,6.2,6.9,秋季播种,"{""N"": 131, ""P"": 108, ""K"": 266}",2023-10-03 14:19:43
85,CR085,魔芋,油料作物,6.3,7.0,春季播种,"{""N"": 120, ""P"": 80, ""K"": 108}",2024-10-07 04:05:30
86,CR086,凉薯,纤维作物,5.0,7.2,春季播种,"{""N"": 245, ""P"": 52, ""K"": 186}",2024-05-10 08:43:25
87,CR087,木薯,粮食作物,6.2,7.4,四季种植,"{""N"": 93, ""P"": 44, ""K"": 143}",2024-07-19 08:44:19
88,CR088,菊芋,油料作物,6.0,6.9,四季种植,"{""N"": 215, ""P"": 78, ""K"": 262}",2024-04-16 13:16:54
89,CR089,荸荠,油料作物,5.0,7.5,夏季播种,"{""N"": 129, ""P"": 82, ""K"": 237}",2023-11-21 10:58:29
90,CR090,慈菇,粮食作物,5.3,6.7,春季播种,"{""N"": 207, ""P"": 40, ""K"": 203}",2023-09-29 09:13:42
91,CR091,她的作物91,药材,6.2,7.7,夏季播种,"{""N"": 131, ""P"": 52, ""K"": 135}",2024-11-18 10:52:39
92,CR092,方面作物92,水果,5.4,7.5,春季播种,"{""N"": 123, ""P"": 65, ""K"": 288}",2024-10-20 23:24:15
93,CR093,来自作物93,粮食作物,5.7,7.7,夏季播种,"{""N"": 93, ""P"": 60, ""K"": 256}",2024-07-11 08:41:43
94,CR094,认为作物94,水果,6.1,6.6,夏季播种,"{""N"": 160, ""P"": 48, ""K"": 119}",2023-10-17 01:28:40
95,CR095,学校作物95,纤维作物,5.7,7.9,四季种植,"{""N"": 233, ""P"": 94, ""K"": 115}",2025-03-22 16:54:38
96,CR096,全国作物96,水果,6.4,7.8,春季播种,"{""N"": 227, ""P"": 43, ""K"": 102}",2025-05-27 23:36:09
97,CR097,这个作物97,油料作物,6.1,6.6,秋季播种,"{""N"": 117, ""P"": 67, ""K"": 237}",2024-07-10 09:43:30
98,CR098,就是作物98,花卉,6.1,8.0,秋季播种,"{""N"": 81, ""P"": 46, ""K"": 133}",2023-12-06 03:06:17
99,CR099,以上作物99,纤维作物,5.6,7.4,秋季播种,"{""N"": 235, ""P"": 110, ""K"": 130}",2025-05-29 10:22:09
100,CR100,可能作物100,纤维作物,5.1,7.0,夏季播种,"{""N"": 153, ""P"": 79, ""K"": 123}",2025-01-12 09:09:02
101,CR101,国内作物101,纤维作物,6.4,6.8,春季播种,"{""N"": 186, ""P"": 117, ""K"": 271}",2025-04-11 00:05:54
102,CR102,这个作物102,花卉,6.4,6.7,春季播种,"{""N"": 179, ""P"": 86, ""K"": 274}",2024-06-08 22:29:45
103,CR103,教育作物103,纤维作物,5.6,7.1,秋季播种,"{""N"": 158, ""P"": 100, ""K"": 256}",2024-07-06 10:24:14
104,CR104,安全作物104,粮食作物,5.6,6.6,春季播种,"{""N"": 193, ""P"": 61, ""K"": 216}",2024-10-20 08:03:54
105,CR105,发布作物105,水果,6.2,6.9,秋季播种,"{""N"": 80, ""P"": 77, ""K"": 153}",2023-09-06 05:14:38
106,CR106,标题作物106,纤维作物,5.9,6.8,春季播种,"{""N"": 172, ""P"": 46, ""K"": 136}",2024-04-18 17:50:43
107,CR107,一次作物107,水果,5.3,7.1,四季种植,"{""N"": 151, ""P"": 111, ""K"": 129}",2023-12-03 15:17:33
108,CR108,类别作物108,饲料作物,5.6,7.8,秋季播种,"{""N"": 232, ""P"": 82, ""K"": 185}",2024-03-04 06:06:43
109,CR109,图片作物109,饲料作物,5.1,6.8,四季种植,"{""N"": 178, ""P"": 41, ""K"": 119}",2024-05-08 16:51:09
110,CR110,一种作物110,药材,6.2,6.7,四季种植,"{""N"": 248, ""P"": 81, ""K"": 211}",2023-07-23 06:19:23
111,CR111,深圳作物111,水果,6.2,7.9,春季播种,"{""N"": 215, ""P"": 111, ""K"": 224}",2023-11-03 20:31:01
112,CR112,进行作物112,油料作物,5.7,7.2,春季播种,"{""N"": 227, ""P"": 89, ""K"": 220}",2024-08-19 18:38:24
113,CR113,喜欢作物113,饲料作物,5.9,7.8,秋季播种,"{""N"": 152, ""P"": 101, ""K"": 257}",2024-08-05 12:07:29
114,CR114,电影作物114,花卉,6.5,7.2,春季播种,"{""N"": 222, ""P"": 109, ""K"": 170}",2024-04-07 18:30:53
115,CR115,我的作物115,纤维作物,5.3,7.4,春季播种,"{""N"": 134, ""P"": 112, ""K"": 184}",2025-02-23 17:44:11
116,CR116,品牌作物116,花卉,5.0,6.8,秋季播种,"{""N"": 167, ""P"": 99, ""K"": 187}",2025-04-15 00:14:53
117,CR117,能力作物117,纤维作物,5.6,8.0,秋季播种,"{""N"": 163, ""P"": 108, ""K"": 275}",2024-06-08 06:01:06
118,CR118,建设作物118,蔬菜,5.3,7.2,四季种植,"{""N"": 202, ""P"": 119, ""K"": 203}",2023-12-06 22:03:24
119,CR119,法律作物119,粮食作物,6.0,7.4,春季播种,"{""N"": 218, ""P"": 100, ""K"": 212}",2024-07-28 05:37:57
120,CR120,而且作物120,花卉,5.9,7.4,夏季播种,"{""N"": 201, ""P"": 84, ""K"": 221}",2023-10-23 08:55:42
121,CR121,单位作物121,蔬菜,6.2,7.8,春季播种,"{""N"": 97, ""P"": 75, ""K"": 147}",2023-10-17 05:49:38
122,CR122,地方作物122,纤维作物,5.1,7.5,春季播种,"{""N"": 221, ""P"": 53, ""K"": 296}",2025-01-26 05:05:14
123,CR123,一次作物123,饲料作物,5.6,6.6,秋季播种,"{""N"": 133, ""P"": 79, ""K"": 101}",2024-08-30 15:26:46
124,CR124,资源作物124,水果,6.3,7.2,春季播种,"{""N"": 157, ""P"": 97, ""K"": 108}",2024-01-11 05:28:13
125,CR125,投资作物125,饲料作物,6.3,6.9,四季种植,"{""N"": 88, ""P"": 73, ""K"": 245}",2024-02-19 13:11:11
126,CR126,音乐作物126,蔬菜,5.9,6.8,夏季播种,"{""N"": 219, ""P"": 84, ""K"": 281}",2024-04-10 04:51:04
127,CR127,报告作物127,花卉,6.3,6.9,秋季播种,"{""N"": 169, ""P"": 60, ""K"": 217}",2024-03-19 14:19:17
128,CR128,下载作物128,粮食作物,5.7,7.6,夏季播种,"{""N"": 138, ""P"": 43, ""K"": 225}",2025-04-11 17:45:43
129,CR129,文化作物129,水果,5.7,7.5,夏季播种,"{""N"": 117, ""P"": 101, ""K"": 286}",2025-06-07 01:18:45
130,CR130,最大作物130,水果,5.5,7.2,春季播种,"{""N"": 196, ""P"": 113, ""K"": 224}",2024-01-11 10:37:38
131,CR131,文件作物131,饲料作物,5.4,7.1,春季播种,"{""N"": 83, ""P"": 71, ""K"": 289}",2023-12-11 20:23:33
132,CR132,全国作物132,粮食作物,5.3,7.9,春季播种,"{""N"": 178, ""P"": 63, ""K"": 240}",2023-10-22 23:36:27
133,CR133,建设作物133,蔬菜,5.6,6.9,春季播种,"{""N"": 182, ""P"": 105, ""K"": 127}",2025-04-10 10:55:48
134,CR134,所有作物134,药材,6.0,7.4,四季种植,"{""N"": 167, ""P"": 67, ""K"": 119}",2023-11-24 02:17:38
135,CR135,问题作物135,饲料作物,6.0,7.9,春季播种,"{""N"": 131, ""P"": 62, ""K"": 204}",2023-08-29 16:15:22
136,CR136,活动作物136,药材,5.3,6.7,四季种植,"{""N"": 123, ""P"": 41, ""K"": 193}",2024-04-18 18:27:28
137,CR137,服务作物137,粮食作物,5.2,7.2,秋季播种,"{""N"": 241, ""P"": 53, ""K"": 129}",2024-09-22 19:17:27
138,CR138,会员作物138,蔬菜,5.7,6.6,秋季播种,"{""N"": 108, ""P"": 91, ""K"": 266}",2023-10-13 14:44:13
139,CR139,继续作物139,粮食作物,6.5,6.8,夏季播种,"{""N"": 158, ""P"": 109, ""K"": 151}",2024-04-02 04:37:50
140,CR140,个人作物140,水果,5.8,6.6,秋季播种,"{""N"": 144, ""P"": 80, ""K"": 230}",2023-11-28 15:03:22
141,CR141,虽然作物141,药材,5.0,7.2,四季种植,"{""N"": 86, ""P"": 41, ""K"": 164}",2024-08-11 06:26:23
142,CR142,可是作物142,粮食作物,5.5,7.9,夏季播种,"{""N"": 215, ""P"": 97, ""K"": 145}",2025-04-18 03:24:35
143,CR143,成为作物143,蔬菜,6.3,7.2,秋季播种,"{""N"": 171, ""P"": 45, ""K"": 271}",2025-04-05 15:04:56
144,CR144,没有作物144,油料作物,5.1,7.4,夏季播种,"{""N"": 212, ""P"": 107, ""K"": 242}",2024-09-13 14:41:28
145,CR145,图片作物145,粮食作物,5.1,7.9,四季种植,"{""N"": 150, ""P"": 80, ""K"": 279}",2024-07-13 21:22:16
146,CR146,地址作物146,粮食作物,5.2,7.2,四季种植,"{""N"": 238, ""P"": 78, ""K"": 224}",2023-11-14 12:00:17
147,CR147,相关作物147,油料作物,6.2,7.8,四季种植,"{""N"": 191, ""P"": 53, ""K"": 260}",2024-08-24 02:09:42
148,CR148,不是作物148,花卉,5.2,7.4,夏季播种,"{""N"": 185, ""P"": 71, ""K"": 140}",2025-01-16 16:09:30
149,CR149,发展作物149,药材,5.9,7.5,四季种植,"{""N"": 149, ""P"": 118, ""K"": 249}",2024-04-17 09:10:08
150,CR150,一般作物150,油料作物,5.6,7.6,夏季播种,"{""N"": 91, ""P"": 103, ""K"": 129}",2025-02-25 16:43:31
151,CR151,能够作物151,饲料作物,5.1,7.4,夏季播种,"{""N"": 143, ""P"": 61, ""K"": 104}",2025-05-30 20:18:25
152,CR152,决定作物152,饲料作物,5.7,7.5,夏季播种,"{""N"": 88, ""P"": 80, ""K"": 241}",2024-08-09 18:56:25
153,CR153,是否作物153,水果,6.2,6.5,秋季播种,"{""N"": 199, ""P"": 70, ""K"": 272}",2023-12-17 19:28:09
154,CR154,标准作物154,粮食作物,5.4,6.9,夏季播种,"{""N"": 210, ""P"": 45, ""K"": 117}",2024-08-27 06:37:04
155,CR155,这么作物155,蔬菜,6.3,6.6,春季播种,"{""N"": 161, ""P"": 106, ""K"": 206}",2025-04-19 20:09:39
156,CR156,品牌作物156,药材,5.5,7.9,秋季播种,"{""N"": 232, ""P"": 110, ""K"": 198}",2024-02-29 09:14:21
157,CR157,东西作物157,药材,5.8,6.9,秋季播种,"{""N"": 109, ""P"": 83, ""K"": 198}",2025-01-28 05:49:34
158,CR158,自己作物158,油料作物,5.6,7.0,四季种植,"{""N"": 240, ""P"": 61, ""K"": 252}",2024-10-21 16:57:07
159,CR159,登录作物159,花卉,5.7,7.7,春季播种,"{""N"": 232, ""P"": 109, ""K"": 257}",2024-11-07 11:33:39
160,CR160,这么作物160,纤维作物,5.5,7.5,四季种植,"{""N"": 193, ""P"": 100, ""K"": 162}",2023-08-12 03:12:28
161,CR161,最新作物161,粮食作物,5.4,7.0,夏季播种,"{""N"": 208, ""P"": 59, ""K"": 136}",2024-06-25 18:33:51
162,CR162,组织作物162,纤维作物,6.3,6.8,春季播种,"{""N"": 206, ""P"": 59, ""K"": 116}",2025-01-28 12:47:03
163,CR163,投资作物163,药材,5.6,7.6,春季播种,"{""N"": 102, ""P"": 88, ""K"": 167}",2024-07-04 17:40:56
164,CR164,发现作物164,药材,6.1,7.8,春季播种,"{""N"": 123, ""P"": 78, ""K"": 224}",2024-09-18 14:23:34
165,CR165,音乐作物165,饲料作物,5.4,6.5,四季种植,"{""N"": 164, ""P"": 71, ""K"": 120}",2024-11-04 18:20:40
166,CR166,阅读作物166,药材,5.1,7.6,春季播种,"{""N"": 207, ""P"": 118, ""K"": 106}",2023-09-26 05:52:27
167,CR167,名称作物167,水果,5.6,7.6,春季播种,"{""N"": 236, ""P"": 57, ""K"": 157}",2025-01-10 02:26:41
168,CR168,就是作物168,饲料作物,5.8,6.8,夏季播种,"{""N"": 225, ""P"": 89, ""K"": 279}",2025-02-27 14:56:54
169,CR169,目前作物169,饲料作物,6.3,6.7,秋季播种,"{""N"": 121, ""P"": 56, ""K"": 135}",2024-10-29 09:11:38
170,CR170,通过作物170,饲料作物,6.3,7.3,春季播种,"{""N"": 219, ""P"": 102, ""K"": 297}",2025-02-12 22:27:23
171,CR171,安全作物171,水果,5.2,7.3,春季播种,"{""N"": 84, ""P"": 73, ""K"": 199}",2024-07-15 14:58:15
172,CR172,出现作物172,蔬菜,6.3,6.9,四季种植,"{""N"": 204, ""P"": 64, ""K"": 161}",2023-06-26 13:12:56
173,CR173,她的作物173,药材,5.0,6.5,夏季播种,"{""N"": 247, ""P"": 54, ""K"": 196}",2024-02-02 19:49:19
174,CR174,没有作物174,蔬菜,5.1,6.7,秋季播种,"{""N"": 166, ""P"": 44, ""K"": 167}",2024-01-30 18:56:38
175,CR175,注册作物175,粮食作物,6.3,7.7,春季播种,"{""N"": 218, ""P"": 83, ""K"": 300}",2024-10-22 19:29:37
176,CR176,文件作物176,药材,5.3,8.0,春季播种,"{""N"": 81, ""P"": 105, ""K"": 230}",2024-08-09 19:10:44
177,CR177,生产作物177,粮食作物,6.0,7.3,春季播种,"{""N"": 198, ""P"": 61, ""K"": 242}",2025-03-25 22:53:04
178,CR178,成功作物178,饲料作物,5.5,7.1,夏季播种,"{""N"": 127, ""P"": 98, ""K"": 118}",2023-11-15 05:26:43
179,CR179,活动作物179,油料作物,5.0,7.2,四季种植,"{""N"": 151, ""P"": 81, ""K"": 204}",2023-11-20 12:39:10
180,CR180,对于作物180,蔬菜,5.3,7.9,春季播种,"{""N"": 235, ""P"": 97, ""K"": 117}",2023-08-17 12:13:21
181,CR181,要求作物181,粮食作物,6.0,7.1,四季种植,"{""N"": 206, ""P"": 101, ""K"": 195}",2024-05-05 06:59:04
182,CR182,一切作物182,粮食作物,6.3,6.5,秋季播种,"{""N"": 93, ""P"": 89, ""K"": 262}",2024-05-11 10:22:40
183,CR183,项目作物183,粮食作物,5.0,7.0,春季播种,"{""N"": 151, ""P"": 72, ""K"": 140}",2024-03-03 03:04:42
184,CR184,系统作物184,水果,5.9,7.5,秋季播种,"{""N"": 173, ""P"": 84, ""K"": 168}",2024-01-06 16:23:06
185,CR185,名称作物185,药材,5.6,7.4,夏季播种,"{""N"": 216, ""P"": 119, ""K"": 129}",2025-04-13 14:22:52
186,CR186,位置作物186,粮食作物,6.0,7.4,春季播种,"{""N"": 165, ""P"": 69, ""K"": 266}",2024-03-26 06:34:19
187,CR187,地区作物187,纤维作物,5.3,7.3,春季播种,"{""N"": 206, ""P"": 93, ""K"": 153}",2025-04-20 19:31:45
188,CR188,最后作物188,蔬菜,5.7,7.8,四季种植,"{""N"": 196, ""P"": 51, ""K"": 149}",2025-03-13 08:00:11
189,CR189,这样作物189,纤维作物,5.4,7.2,春季播种,"{""N"": 235, ""P"": 69, ""K"": 246}",2025-01-10 08:54:12
190,CR190,其中作物190,蔬菜,5.6,6.6,四季种植,"{""N"": 175, ""P"": 62, ""K"": 166}",2025-02-08 05:25:48
191,CR191,只有作物191,粮食作物,5.6,7.4,夏季播种,"{""N"": 115, ""P"": 98, ""K"": 276}",2024-05-12 16:51:13
192,CR192,等级作物192,蔬菜,5.5,7.8,秋季播种,"{""N"": 164, ""P"": 110, ""K"": 182}",2025-01-25 14:41:56
193,CR193,技术作物193,饲料作物,5.5,6.7,春季播种,"{""N"": 124, ""P"": 65, ""K"": 209}",2025-04-18 10:07:48
194,CR194,时间作物194,纤维作物,6.4,6.6,春季播种,"{""N"": 87, ""P"": 113, ""K"": 245}",2025-04-30 09:41:31
195,CR195,一般作物195,药材,6.0,7.4,四季种植,"{""N"": 187, ""P"": 79, ""K"": 264}",2024-08-31 11:17:20
196,CR196,市场作物196,蔬菜,5.8,7.9,春季播种,"{""N"": 205, ""P"": 42, ""K"": 204}",2023-09-22 16:42:50
197,CR197,他们作物197,花卉,5.8,7.8,秋季播种,"{""N"": 236, ""P"": 81, ""K"": 199}",2025-03-22 01:54:17
198,CR198,那个作物198,油料作物,5.3,6.9,春季播种,"{""N"": 221, ""P"": 100, ""K"": 134}",2023-07-25 16:36:58
199,CR199,时间作物199,蔬菜,5.4,7.3,四季种植,"{""N"": 179, ""P"": 69, ""K"": 159}",2025-02-11 20:53:16
200,CR200,其中作物200,花卉,5.9,7.2,秋季播种,"{""N"": 189, ""P"": 76, ""K"": 180}",2025-03-20 23:21:40
201,CR201,就是作物201,油料作物,5.3,7.0,秋季播种,"{""N"": 194, ""P"": 117, ""K"": 115}",2025-03-15 16:04:53
202,CR202,以上作物202,花卉,5.6,7.6,春季播种,"{""N"": 142, ""P"": 74, ""K"": 106}",2023-10-29 20:39:26
203,CR203,可以作物203,药材,5.7,7.9,秋季播种,"{""N"": 204, ""P"": 61, ""K"": 271}",2024-03-14 06:04:11
204,CR204,两个作物204,水果,6.3,8.0,四季种植,"{""N"": 91, ""P"": 97, ""K"": 197}",2024-12-06 17:06:11
205,CR205,其中作物205,粮食作物,6.3,7.8,秋季播种,"{""N"": 155, ""P"": 44, ""K"": 123}",2024-04-02 21:38:42
206,CR206,中国作物206,花卉,6.0,7.4,四季种植,"{""N"": 159, ""P"": 48, ""K"": 269}",2024-05-17 02:24:12
207,CR207,过程作物207,花卉,5.4,6.7,四季种植,"{""N"": 202, ""P"": 64, ""K"": 111}",2024-01-27 06:42:42
208,CR208,发布作物208,药材,5.9,7.5,秋季播种,"{""N"": 82, ""P"": 81, ""K"": 272}",2023-12-15 04:18:06
209,CR209,支持作物209,粮食作物,5.1,7.4,四季种植,"{""N"": 120, ""P"": 77, ""K"": 278}",2023-11-13 05:24:14
210,CR210,学习作物210,油料作物,5.5,6.7,春季播种,"{""N"": 177, ""P"": 120, ""K"": 103}",2023-06-28 06:42:02
211,CR211,为了作物211,饲料作物,5.5,7.4,春季播种,"{""N"": 216, ""P"": 53, ""K"": 149}",2024-06-02 15:28:17
212,CR212,他们作物212,粮食作物,5.5,6.7,四季种植,"{""N"": 133, ""P"": 89, ""K"": 185}",2025-04-27 00:24:41
213,CR213,联系作物213,纤维作物,6.4,6.5,秋季播种,"{""N"": 233, ""P"": 81, ""K"": 101}",2024-03-21 17:48:49
214,CR214,工程作物214,花卉,5.6,7.6,秋季播种,"{""N"": 201, ""P"": 44, ""K"": 105}",2024-04-25 15:24:21
215,CR215,部分作物215,油料作物,5.5,7.5,夏季播种,"{""N"": 113, ""P"": 78, ""K"": 167}",2024-02-24 15:38:27
216,CR216,简介作物216,药材,5.5,6.7,春季播种,"{""N"": 131, ""P"": 78, ""K"": 129}",2024-10-11 04:05:34
217,CR217,喜欢作物217,药材,6.4,7.4,夏季播种,"{""N"": 182, ""P"": 69, ""K"": 281}",2025-01-20 10:17:44
218,CR218,美国作物218,水果,5.2,6.8,春季播种,"{""N"": 207, ""P"": 118, ""K"": 293}",2024-11-17 15:31:15
219,CR219,时候作物219,水果,6.1,6.6,春季播种,"{""N"": 121, ""P"": 98, ""K"": 116}",2025-03-23 20:22:33
220,CR220,分析作物220,油料作物,6.1,6.8,四季种植,"{""N"": 180, ""P"": 66, ""K"": 247}",2024-08-03 23:38:21
221,CR221,由于作物221,花卉,6.0,7.4,秋季播种,"{""N"": 190, ""P"": 58, ""K"": 164}",2023-10-12 09:06:06
222,CR222,那么作物222,药材,5.2,7.1,夏季播种,"{""N"": 210, ""P"": 43, ""K"": 171}",2024-08-14 14:17:40
223,CR223,手机作物223,蔬菜,6.3,6.8,四季种植,"{""N"": 91, ""P"": 84, ""K"": 280}",2023-10-29 05:33:03
224,CR224,更多作物224,水果,5.3,6.5,夏季播种,"{""N"": 96, ""P"": 41, ""K"": 176}",2025-02-04 21:42:50
225,CR225,要求作物225,水果,5.3,6.5,秋季播种,"{""N"": 100, ""P"": 96, ""K"": 167}",2024-03-19 08:28:42
226,CR226,价格作物226,蔬菜,5.3,6.9,春季播种,"{""N"": 87, ""P"": 111, ""K"": 277}",2025-04-19 05:16:36
227,CR227,知道作物227,粮食作物,5.5,7.4,夏季播种,"{""N"": 82, ""P"": 83, ""K"": 273}",2023-11-28 08:33:19
228,CR228,浏览作物228,纤维作物,6.2,6.9,春季播种,"{""N"": 219, ""P"": 74, ""K"": 295}",2025-03-18 03:07:57
229,CR229,类型作物229,油料作物,5.4,7.1,春季播种,"{""N"": 117, ""P"": 40, ""K"": 253}",2023-06-24 06:24:37
230,CR230,法律作物230,蔬菜,6.3,7.6,秋季播种,"{""N"": 86, ""P"": 70, ""K"": 208}",2024-03-23 06:52:25
231,CR231,城市作物231,蔬菜,5.2,7.9,夏季播种,"{""N"": 108, ""P"": 43, ""K"": 231}",2024-01-17 01:00:25
232,CR232,科技作物232,饲料作物,6.1,6.9,夏季播种,"{""N"": 81, ""P"": 105, ""K"": 239}",2024-03-17 00:25:28
233,CR233,用户作物233,药材,5.2,6.9,春季播种,"{""N"": 221, ""P"": 92, ""K"": 251}",2025-05-02 12:23:32
234,CR234,评论作物234,水果,5.0,7.6,秋季播种,"{""N"": 102, ""P"": 76, ""K"": 235}",2024-03-04 11:10:14
235,CR235,一点作物235,药材,5.1,7.8,夏季播种,"{""N"": 153, ""P"": 47, ""K"": 117}",2025-04-19 19:34:39
236,CR236,状态作物236,药材,5.7,7.0,秋季播种,"{""N"": 182, ""P"": 40, ""K"": 199}",2024-05-19 13:50:04
237,CR237,以上作物237,花卉,6.0,8.0,春季播种,"{""N"": 158, ""P"": 75, ""K"": 105}",2024-11-04 02:47:32
238,CR238,人员作物238,花卉,5.0,7.2,春季播种,"{""N"": 107, ""P"": 47, ""K"": 171}",2025-05-23 06:26:17
239,CR239,业务作物239,油料作物,5.5,7.9,秋季播种,"{""N"": 191, ""P"": 115, ""K"": 150}",2024-03-05 01:19:57
240,CR240,欢迎作物240,药材,5.3,7.2,春季播种,"{""N"": 249, ""P"": 74, ""K"": 223}",2023-07-10 03:59:29
241,CR241,个人作物241,蔬菜,6.2,7.8,春季播种,"{""N"": 209, ""P"": 52, ""K"": 270}",2025-06-10 04:40:41
242,CR242,支持作物242,油料作物,6.0,8.0,夏季播种,"{""N"": 108, ""P"": 106, ""K"": 128}",2023-11-29 02:36:46
243,CR243,全国作物243,粮食作物,6.0,6.9,春季播种,"{""N"": 142, ""P"": 118, ""K"": 187}",2024-01-28 14:57:15
244,CR244,安全作物244,油料作物,5.4,7.6,夏季播种,"{""N"": 83, ""P"": 85, ""K"": 161}",2023-08-21 20:36:29
245,CR245,法律作物245,油料作物,6.1,6.9,春季播种,"{""N"": 222, ""P"": 83, ""K"": 189}",2024-10-10 10:55:57
246,CR246,只是作物246,饲料作物,5.1,7.9,四季种植,"{""N"": 208, ""P"": 63, ""K"": 287}",2023-10-28 17:00:01
247,CR247,建设作物247,水果,6.0,7.0,夏季播种,"{""N"": 94, ""P"": 88, ""K"": 268}",2025-04-11 01:09:30
248,CR248,进行作物248,粮食作物,5.9,7.7,秋季播种,"{""N"": 170, ""P"": 70, ""K"": 225}",2023-08-21 16:37:46
249,CR249,欢迎作物249,药材,5.3,7.1,夏季播种,"{""N"": 155, ""P"": 86, ""K"": 203}",2024-01-05 20:31:51
250,CR250,具有作物250,花卉,6.5,7.7,春季播种,"{""N"": 224, ""P"": 93, ""K"": 204}",2025-02-06 18:54:48
251,CR251,今天作物251,饲料作物,6.0,7.4,春季播种,"{""N"": 142, ""P"": 112, ""K"": 208}",2024-12-22 11:20:58
252,CR252,喜欢作物252,粮食作物,6.2,7.5,秋季播种,"{""N"": 240, ""P"": 50, ""K"": 145}",2024-03-11 12:30:52
253,CR253,关于作物253,药材,6.0,7.0,四季种植,"{""N"": 136, ""P"": 98, ""K"": 111}",2023-09-18 09:38:44
254,CR254,不断作物254,水果,6.3,7.1,春季播种,"{""N"": 198, ""P"": 95, ""K"": 149}",2024-09-05 23:37:19
255,CR255,投资作物255,饲料作物,5.9,7.8,春季播种,"{""N"": 158, ""P"": 93, ""K"": 181}",2024-02-24 08:53:30
256,CR256,技术作物256,纤维作物,5.3,6.7,秋季播种,"{""N"": 116, ""P"": 95, ""K"": 191}",2023-09-18 16:07:45
257,CR257,业务作物257,药材,5.6,7.5,秋季播种,"{""N"": 240, ""P"": 83, ""K"": 229}",2024-08-26 03:33:19
258,CR258,过程作物258,粮食作物,6.0,7.1,秋季播种,"{""N"": 108, ""P"": 115, ""K"": 288}",2025-06-04 04:08:27
259,CR259,必须作物259,纤维作物,5.6,7.8,四季种植,"{""N"": 143, ""P"": 99, ""K"": 183}",2025-03-29 20:49:12
260,CR260,提高作物260,纤维作物,6.0,6.8,春季播种,"{""N"": 185, ""P"": 81, ""K"": 230}",2024-12-09 14:58:09
261,CR261,是否作物261,油料作物,5.2,7.3,春季播种,"{""N"": 148, ""P"": 67, ""K"": 249}",2025-05-26 03:56:12
262,CR262,历史作物262,油料作物,5.1,7.8,秋季播种,"{""N"": 197, ""P"": 40, ""K"": 269}",2024-10-22 14:38:27
263,CR263,回复作物263,油料作物,6.2,7.3,秋季播种,"{""N"": 174, ""P"": 95, ""K"": 294}",2023-12-19 11:30:08
264,CR264,地区作物264,饲料作物,5.1,7.0,夏季播种,"{""N"": 115, ""P"": 48, ""K"": 215}",2024-01-27 16:11:03
265,CR265,出现作物265,花卉,6.5,7.5,秋季播种,"{""N"": 118, ""P"": 57, ""K"": 299}",2023-09-03 11:52:54
266,CR266,显示作物266,饲料作物,6.3,7.1,春季播种,"{""N"": 98, ""P"": 95, ""K"": 262}",2025-02-14 12:27:17
267,CR267,系统作物267,粮食作物,5.8,7.9,夏季播种,"{""N"": 202, ""P"": 96, ""K"": 164}",2025-04-23 04:27:54
268,CR268,设备作物268,油料作物,5.5,7.8,夏季播种,"{""N"": 171, ""P"": 73, ""K"": 176}",2024-05-10 18:19:23
269,CR269,投资作物269,油料作物,6.0,7.2,夏季播种,"{""N"": 117, ""P"": 103, ""K"": 297}",2024-05-06 19:51:32
270,CR270,规定作物270,花卉,5.2,7.8,春季播种,"{""N"": 179, ""P"": 65, ""K"": 155}",2024-09-27 19:28:07
271,CR271,任何作物271,油料作物,5.1,6.9,春季播种,"{""N"": 98, ""P"": 75, ""K"": 124}",2025-01-07 10:06:18
272,CR272,因为作物272,药材,5.0,6.9,四季种植,"{""N"": 183, ""P"": 67, ""K"": 115}",2025-04-22 21:26:37
273,CR273,两个作物273,药材,5.8,7.3,夏季播种,"{""N"": 249, ""P"": 119, ""K"": 240}",2023-09-05 10:07:14
274,CR274,提高作物274,花卉,6.1,7.5,秋季播种,"{""N"": 188, ""P"": 69, ""K"": 132}",2024-09-29 14:19:37
275,CR275,有关作物275,粮食作物,5.1,7.1,夏季播种,"{""N"": 199, ""P"": 70, ""K"": 239}",2025-01-22 02:19:48
276,CR276,地址作物276,药材,5.8,7.7,秋季播种,"{""N"": 162, ""P"": 101, ""K"": 155}",2023-07-27 07:32:31
277,CR277,两个作物277,粮食作物,5.3,7.4,四季种植,"{""N"": 206, ""P"": 79, ""K"": 232}",2024-11-30 17:42:56
278,CR278,以及作物278,药材,5.1,7.1,夏季播种,"{""N"": 179, ""P"": 90, ""K"": 258}",2023-08-18 19:43:53
279,CR279,希望作物279,药材,5.6,6.9,秋季播种,"{""N"": 91, ""P"": 101, ""K"": 128}",2024-05-10 21:58:51
280,CR280,现在作物280,花卉,5.6,6.7,秋季播种,"{""N"": 250, ""P"": 57, ""K"": 254}",2025-04-08 04:13:20
281,CR281,更多作物281,药材,5.3,7.1,四季种植,"{""N"": 83, ""P"": 88, ""K"": 196}",2024-06-19 00:33:50
282,CR282,一些作物282,水果,5.2,7.3,秋季播种,"{""N"": 186, ""P"": 64, ""K"": 103}",2025-02-05 23:02:18
283,CR283,当前作物283,纤维作物,5.0,7.6,春季播种,"{""N"": 195, ""P"": 71, ""K"": 247}",2023-07-15 00:31:44
284,CR284,使用作物284,水果,5.6,7.9,四季种植,"{""N"": 180, ""P"": 103, ""K"": 112}",2024-12-16 22:24:24
285,CR285,语言作物285,油料作物,6.4,7.1,夏季播种,"{""N"": 196, ""P"": 45, ""K"": 220}",2023-11-16 07:03:30
286,CR286,不要作物286,纤维作物,5.0,7.3,春季播种,"{""N"": 180, ""P"": 60, ""K"": 120}",2024-08-26 18:07:25
287,CR287,推荐作物287,纤维作物,6.4,8.0,四季种植,"{""N"": 216, ""P"": 106, ""K"": 132}",2025-02-16 17:31:47
288,CR288,网上作物288,油料作物,6.3,7.0,夏季播种,"{""N"": 249, ""P"": 49, ""K"": 273}",2024-09-03 22:13:39
289,CR289,同时作物289,饲料作物,5.6,7.1,四季种植,"{""N"": 163, ""P"": 78, ""K"": 108}",2024-10-06 05:28:33
290,CR290,合作作物290,药材,6.4,7.3,春季播种,"{""N"": 214, ""P"": 82, ""K"": 252}",2025-05-02 21:54:24
291,CR291,提供作物291,粮食作物,6.4,6.5,秋季播种,"{""N"": 97, ""P"": 109, ""K"": 123}",2023-11-05 17:09:03
292,CR292,这里作物292,蔬菜,6.3,6.6,春季播种,"{""N"": 168, ""P"": 110, ""K"": 215}",2025-01-16 19:56:24
293,CR293,对于作物293,水果,6.5,6.8,春季播种,"{""N"": 236, ""P"": 53, ""K"": 159}",2023-08-09 09:22:57
294,CR294,当前作物294,纤维作物,5.7,7.1,秋季播种,"{""N"": 248, ""P"": 40, ""K"": 187}",2024-09-14 06:07:35
295,CR295,管理作物295,水果,5.5,7.5,夏季播种,"{""N"": 104, ""P"": 83, ""K"": 294}",2023-09-13 01:42:48
296,CR296,已经作物296,蔬菜,5.0,7.0,春季播种,"{""N"": 237, ""P"": 113, ""K"": 293}",2023-11-20 06:09:00
297,CR297,地方作物297,水果,6.1,6.6,四季种植,"{""N"": 172, ""P"": 104, ""K"": 186}",2023-11-03 20:53:49
298,CR298,建设作物298,蔬菜,5.2,7.1,夏季播种,"{""N"": 217, ""P"": 42, ""K"": 110}",2024-04-28 05:56:49
299,CR299,大家作物299,花卉,5.1,6.7,秋季播种,"{""N"": 210, ""P"": 49, ""K"": 186}",2024-07-09 07:59:54
300,CR300,认为作物300,花卉,6.2,6.5,春季播种,"{""N"": 83, ""P"": 105, ""K"": 198}",2023-08-13 13:21:41
301,CR301,公司作物301,花卉,5.7,7.2,四季种植,"{""N"": 213, ""P"": 107, ""K"": 153}",2024-01-03 19:01:55
302,CR302,女人作物302,油料作物,5.5,6.9,秋季播种,"{""N"": 90, ""P"": 77, ""K"": 251}",2023-10-03 13:36:39
303,CR303,他们作物303,纤维作物,5.6,7.2,四季种植,"{""N"": 158, ""P"": 118, ""K"": 242}",2025-06-09 10:47:16
304,CR304,是一作物304,粮食作物,5.3,7.2,秋季播种,"{""N"": 126, ""P"": 105, ""K"": 160}",2024-10-24 03:23:33
305,CR305,准备作物305,纤维作物,6.2,7.4,夏季播种,"{""N"": 111, ""P"": 83, ""K"": 129}",2025-04-22 05:51:49
306,CR306,介绍作物306,粮食作物,5.0,7.9,四季种植,"{""N"": 204, ""P"": 79, ""K"": 159}",2024-02-28 17:52:24
307,CR307,没有作物307,花卉,5.6,7.4,夏季播种,"{""N"": 124, ""P"": 108, ""K"": 281}",2024-12-04 17:32:55
308,CR308,都是作物308,药材,6.3,8.0,四季种植,"{""N"": 216, ""P"": 89, ""K"": 177}",2024-06-16 03:14:20
309,CR309,以下作物309,蔬菜,5.2,7.9,秋季播种,"{""N"": 247, ""P"": 56, ""K"": 243}",2023-10-03 23:14:52
310,CR310,对于作物310,纤维作物,6.3,7.5,四季种植,"{""N"": 139, ""P"": 47, ""K"": 284}",2024-10-25 11:42:46
311,CR311,那么作物311,花卉,6.4,6.5,春季播种,"{""N"": 104, ""P"": 103, ""K"": 150}",2023-09-25 23:21:26
312,CR312,北京作物312,药材,5.2,6.7,四季种植,"{""N"": 185, ""P"": 102, ""K"": 185}",2024-03-24 14:22:24
313,CR313,因为作物313,花卉,5.6,7.3,春季播种,"{""N"": 81, ""P"": 43, ""K"": 174}",2023-11-15 11:48:19
314,CR314,阅读作物314,油料作物,5.4,6.6,秋季播种,"{""N"": 218, ""P"": 44, ""K"": 191}",2024-08-26 18:22:39
315,CR315,作者作物315,纤维作物,6.4,7.9,四季种植,"{""N"": 102, ""P"": 70, ""K"": 122}",2024-09-12 11:43:15
316,CR316,公司作物316,花卉,5.9,7.2,春季播种,"{""N"": 219, ""P"": 72, ""K"": 198}",2025-04-12 02:37:32
317,CR317,程序作物317,花卉,5.1,7.9,四季种植,"{""N"": 159, ""P"": 55, ""K"": 269}",2023-09-08 04:22:36
318,CR318,目前作物318,蔬菜,6.3,8.0,春季播种,"{""N"": 187, ""P"": 115, ""K"": 212}",2024-10-15 14:55:26
319,CR319,什么作物319,油料作物,6.3,6.7,四季种植,"{""N"": 147, ""P"": 100, ""K"": 108}",2024-05-01 23:45:47
320,CR320,重要作物320,饲料作物,5.0,7.8,四季种植,"{""N"": 97, ""P"": 86, ""K"": 286}",2025-01-14 15:25:52
321,CR321,主要作物321,药材,5.3,7.0,秋季播种,"{""N"": 98, ""P"": 46, ""K"": 208}",2024-07-22 17:52:09
322,CR322,一般作物322,蔬菜,5.2,7.4,四季种植,"{""N"": 193, ""P"": 61, ""K"": 287}",2024-05-05 23:34:59
323,CR323,这么作物323,蔬菜,5.9,7.9,四季种植,"{""N"": 247, ""P"": 101, ""K"": 286}",2025-04-16 11:10:18
324,CR324,没有作物324,药材,5.3,7.1,四季种植,"{""N"": 193, ""P"": 95, ""K"": 125}",2023-09-05 23:49:23
325,CR325,业务作物325,药材,6.2,7.2,秋季播种,"{""N"": 207, ""P"": 62, ""K"": 111}",2025-05-16 17:32:24
326,CR326,基本作物326,纤维作物,5.8,8.0,夏季播种,"{""N"": 186, ""P"": 79, ""K"": 159}",2023-10-09 06:35:13
327,CR327,只是作物327,花卉,5.5,7.4,夏季播种,"{""N"": 150, ""P"": 51, ""K"": 175}",2023-12-24 13:41:39
328,CR328,文化作物328,纤维作物,5.7,6.7,春季播种,"{""N"": 184, ""P"": 102, ""K"": 175}",2024-11-21 23:01:35
329,CR329,你们作物329,水果,6.1,7.5,春季播种,"{""N"": 97, ""P"": 104, ""K"": 191}",2025-03-29 11:56:07
330,CR330,部分作物330,药材,5.9,7.3,秋季播种,"{""N"": 220, ""P"": 65, ""K"": 247}",2025-01-21 18:41:09
331,CR331,什么作物331,蔬菜,5.6,7.8,四季种植,"{""N"": 240, ""P"": 89, ""K"": 121}",2025-05-17 08:53:37
332,CR332,进行作物332,药材,6.1,7.7,四季种植,"{""N"": 83, ""P"": 95, ""K"": 100}",2023-10-23 11:06:36
333,CR333,应该作物333,油料作物,5.9,8.0,四季种植,"{""N"": 227, ""P"": 61, ""K"": 211}",2024-12-22 21:16:46
334,CR334,地区作物334,蔬菜,5.2,7.6,秋季播种,"{""N"": 231, ""P"": 70, ""K"": 230}",2023-11-04 16:49:38
335,CR335,实现作物335,纤维作物,6.2,7.2,秋季播种,"{""N"": 146, ""P"": 55, ""K"": 100}",2025-03-16 04:56:51
336,CR336,任何作物336,油料作物,5.8,7.5,夏季播种,"{""N"": 198, ""P"": 94, ""K"": 223}",2024-05-28 23:21:47
337,CR337,部分作物337,药材,5.9,6.5,夏季播种,"{""N"": 97, ""P"": 79, ""K"": 240}",2023-12-14 01:14:22
338,CR338,位置作物338,油料作物,6.3,7.7,秋季播种,"{""N"": 113, ""P"": 56, ""K"": 133}",2023-12-25 19:22:33
339,CR339,一定作物339,蔬菜,6.0,6.9,四季种植,"{""N"": 227, ""P"": 106, ""K"": 100}",2023-08-31 11:21:41
340,CR340,所有作物340,蔬菜,6.2,7.4,秋季播种,"{""N"": 114, ""P"": 116, ""K"": 133}",2024-08-15 05:34:36
341,CR341,而且作物341,油料作物,5.4,6.8,春季播种,"{""N"": 104, ""P"": 118, ""K"": 155}",2024-01-03 11:54:53
342,CR342,希望作物342,药材,5.9,6.6,春季播种,"{""N"": 157, ""P"": 111, ""K"": 149}",2023-10-15 14:02:02
343,CR343,可以作物343,纤维作物,5.4,7.8,秋季播种,"{""N"": 114, ""P"": 61, ""K"": 291}",2023-11-11 13:45:14
344,CR344,方法作物344,粮食作物,5.2,7.0,秋季播种,"{""N"": 209, ""P"": 104, ""K"": 216}",2023-07-22 22:59:37
345,CR345,关于作物345,纤维作物,5.6,7.8,秋季播种,"{""N"": 151, ""P"": 117, ""K"": 241}",2024-06-30 14:03:06
346,CR346,觉得作物346,油料作物,5.2,7.5,春季播种,"{""N"": 89, ""P"": 59, ""K"": 263}",2023-11-23 05:44:58
347,CR347,发表作物347,花卉,6.4,7.0,四季种植,"{""N"": 235, ""P"": 57, ""K"": 102}",2024-01-05 09:52:59
348,CR348,其他作物348,蔬菜,6.0,6.8,夏季播种,"{""N"": 210, ""P"": 106, ""K"": 135}",2025-04-26 14:47:22
349,CR349,作为作物349,油料作物,5.7,6.6,夏季播种,"{""N"": 143, ""P"": 57, ""K"": 100}",2023-11-10 17:52:23
350,CR350,用户作物350,花卉,6.1,7.9,夏季播种,"{""N"": 133, ""P"": 86, ""K"": 137}",2023-12-10 05:09:20
351,CR351,为了作物351,水果,5.9,6.6,夏季播种,"{""N"": 91, ""P"": 58, ""K"": 167}",2024-07-13 23:20:05
352,CR352,企业作物352,蔬菜,5.1,7.8,春季播种,"{""N"": 184, ""P"": 114, ""K"": 113}",2023-07-14 09:25:35
353,CR353,问题作物353,粮食作物,5.4,7.3,四季种植,"{""N"": 151, ""P"": 59, ""K"": 278}",2024-06-21 06:55:38
354,CR354,加入作物354,粮食作物,5.5,7.6,秋季播种,"{""N"": 199, ""P"": 70, ""K"": 163}",2024-11-25 17:33:18
355,CR355,人民作物355,药材,5.4,7.0,春季播种,"{""N"": 162, ""P"": 110, ""K"": 239}",2023-06-21 06:50:54
356,CR356,手机作物356,粮食作物,5.9,6.6,秋季播种,"{""N"": 229, ""P"": 98, ""K"": 228}",2025-02-15 10:27:10
357,CR357,您的作物357,粮食作物,5.6,7.9,四季种植,"{""N"": 129, ""P"": 43, ""K"": 238}",2024-12-21 03:01:34
358,CR358,免费作物358,花卉,5.8,7.1,春季播种,"{""N"": 129, ""P"": 104, ""K"": 291}",2024-04-25 00:08:16
359,CR359,今天作物359,饲料作物,5.9,7.0,秋季播种,"{""N"": 118, ""P"": 74, ""K"": 108}",2024-01-27 10:02:28
360,CR360,下载作物360,药材,5.0,7.5,夏季播种,"{""N"": 118, ""P"": 119, ""K"": 244}",2025-04-10 22:50:45
361,CR361,社区作物361,纤维作物,5.8,6.7,四季种植,"{""N"": 226, ""P"": 91, ""K"": 265}",2024-05-11 09:06:02
362,CR362,阅读作物362,水果,5.6,7.9,四季种植,"{""N"": 239, ""P"": 114, ""K"": 233}",2024-11-03 13:54:27
363,CR363,手机作物363,蔬菜,5.3,7.0,夏季播种,"{""N"": 175, ""P"": 55, ""K"": 295}",2023-07-16 15:19:51
364,CR364,单位作物364,水果,6.4,7.0,四季种植,"{""N"": 93, ""P"": 72, ""K"": 146}",2024-04-28 19:56:42
365,CR365,但是作物365,饲料作物,5.7,7.4,秋季播种,"{""N"": 97, ""P"": 101, ""K"": 201}",2023-07-28 13:58:45
366,CR366,男人作物366,油料作物,5.8,6.9,四季种植,"{""N"": 180, ""P"": 81, ""K"": 278}",2024-01-19 19:29:12
367,CR367,作为作物367,纤维作物,6.3,7.6,春季播种,"{""N"": 231, ""P"": 42, ""K"": 253}",2025-03-28 02:24:35
368,CR368,教育作物368,蔬菜,5.8,7.6,四季种植,"{""N"": 178, ""P"": 44, ""K"": 214}",2025-04-28 10:44:23
369,CR369,增加作物369,饲料作物,5.3,6.7,秋季播种,"{""N"": 121, ""P"": 81, ""K"": 259}",2024-12-06 15:53:02
370,CR370,决定作物370,油料作物,5.4,7.4,春季播种,"{""N"": 86, ""P"": 79, ""K"": 141}",2023-08-14 11:15:12
371,CR371,如此作物371,蔬菜,6.5,6.8,秋季播种,"{""N"": 108, ""P"": 40, ""K"": 135}",2024-06-25 19:33:08
372,CR372,应用作物372,药材,5.1,6.8,夏季播种,"{""N"": 123, ""P"": 82, ""K"": 280}",2024-01-01 18:57:30
373,CR373,发现作物373,花卉,6.4,7.6,四季种植,"{""N"": 151, ""P"": 88, ""K"": 277}",2024-12-17 13:27:15
374,CR374,一直作物374,蔬菜,5.7,6.9,春季播种,"{""N"": 123, ""P"": 44, ""K"": 181}",2024-01-13 01:14:33
375,CR375,有限作物375,纤维作物,5.4,7.7,秋季播种,"{""N"": 114, ""P"": 65, ""K"": 230}",2024-04-11 20:15:39
376,CR376,更多作物376,纤维作物,5.8,7.3,秋季播种,"{""N"": 163, ""P"": 53, ""K"": 127}",2023-08-16 11:37:16
377,CR377,制作作物377,饲料作物,5.7,6.5,秋季播种,"{""N"": 147, ""P"": 44, ""K"": 105}",2024-02-22 19:26:28
378,CR378,怎么作物378,油料作物,5.2,6.6,四季种植,"{""N"": 219, ""P"": 114, ""K"": 137}",2024-02-19 14:58:29
379,CR379,文化作物379,水果,5.3,6.7,四季种植,"{""N"": 234, ""P"": 62, ""K"": 275}",2024-06-01 09:53:54
380,CR380,比较作物380,饲料作物,5.4,6.8,四季种植,"{""N"": 230, ""P"": 65, ""K"": 200}",2023-08-19 10:17:32
381,CR381,的话作物381,粮食作物,6.0,7.9,夏季播种,"{""N"": 106, ""P"": 59, ""K"": 123}",2023-07-22 13:21:50
382,CR382,操作作物382,饲料作物,5.9,7.1,夏季播种,"{""N"": 121, ""P"": 53, ""K"": 195}",2024-07-24 00:34:12
383,CR383,管理作物383,水果,6.3,7.3,春季播种,"{""N"": 193, ""P"": 111, ""K"": 145}",2024-05-23 22:54:50
384,CR384,一次作物384,花卉,6.0,7.9,秋季播种,"{""N"": 248, ""P"": 95, ""K"": 229}",2025-03-31 17:19:57
385,CR385,城市作物385,花卉,6.5,7.7,夏季播种,"{""N"": 95, ""P"": 118, ""K"": 143}",2025-02-07 13:13:13
386,CR386,使用作物386,油料作物,5.0,6.6,夏季播种,"{""N"": 230, ""P"": 73, ""K"": 272}",2024-10-22 05:48:04
387,CR387,成为作物387,蔬菜,5.2,6.9,四季种植,"{""N"": 155, ""P"": 65, ""K"": 234}",2023-08-21 21:34:39
388,CR388,责任作物388,药材,6.1,7.1,秋季播种,"{""N"": 117, ""P"": 42, ""K"": 183}",2025-01-25 06:42:05
389,CR389,地址作物389,粮食作物,6.2,6.5,夏季播种,"{""N"": 197, ""P"": 89, ""K"": 161}",2024-09-30 12:18:12
390,CR390,孩子作物390,粮食作物,6.5,6.8,秋季播种,"{""N"": 139, ""P"": 99, ""K"": 127}",2023-12-08 03:43:50
391,CR391,提供作物391,蔬菜,6.4,7.5,秋季播种,"{""N"": 93, ""P"": 105, ""K"": 235}",2023-11-28 16:30:47
392,CR392,注册作物392,花卉,6.4,6.8,四季种植,"{""N"": 217, ""P"": 50, ""K"": 239}",2024-09-30 05:07:21
393,CR393,汽车作物393,花卉,5.6,7.9,夏季播种,"{""N"": 244, ""P"": 104, ""K"": 186}",2024-11-11 06:17:12
394,CR394,但是作物394,纤维作物,5.6,7.0,四季种植,"{""N"": 176, ""P"": 66, ""K"": 274}",2024-02-01 18:43:21
395,CR395,标题作物395,纤维作物,5.0,7.5,夏季播种,"{""N"": 199, ""P"": 93, ""K"": 119}",2023-10-22 06:47:08
396,CR396,作为作物396,蔬菜,6.0,7.4,春季播种,"{""N"": 147, ""P"": 114, ""K"": 124}",2024-09-07 16:07:20
397,CR397,最新作物397,粮食作物,5.8,7.0,四季种植,"{""N"": 148, ""P"": 99, ""K"": 206}",2023-12-26 14:25:12
398,CR398,电影作物398,花卉,5.2,7.1,四季种植,"{""N"": 144, ""P"": 43, ""K"": 237}",2025-02-08 04:47:29
399,CR399,觉得作物399,蔬菜,5.1,7.8,秋季播种,"{""N"": 189, ""P"": 95, ""K"": 213}",2024-01-20 21:35:24
400,CR400,认为作物400,饲料作物,5.6,7.6,四季种植,"{""N"": 132, ""P"": 90, ""K"": 289}",2024-10-04 13:06:56
401,CR401,所有作物401,饲料作物,6.1,7.5,夏季播种,"{""N"": 223, ""P"": 65, ""K"": 170}",2023-08-06 21:26:38
402,CR402,是一作物402,水果,5.0,7.7,秋季播种,"{""N"": 98, ""P"": 78, ""K"": 146}",2024-06-15 20:05:49
403,CR403,工作作物403,药材,5.9,6.6,春季播种,"{""N"": 85, ""P"": 50, ""K"": 229}",2025-03-24 21:07:14
404,CR404,管理作物404,药材,5.5,7.4,四季种植,"{""N"": 166, ""P"": 55, ""K"": 215}",2024-02-24 16:36:32
405,CR405,不能作物405,饲料作物,5.6,7.2,夏季播种,"{""N"": 243, ""P"": 71, ""K"": 240}",2025-03-23 20:16:21
406,CR406,手机作物406,蔬菜,6.1,7.1,秋季播种,"{""N"": 150, ""P"": 59, ""K"": 141}",2025-04-02 18:37:00
407,CR407,参加作物407,药材,5.7,6.8,夏季播种,"{""N"": 127, ""P"": 84, ""K"": 117}",2024-04-07 12:30:18
408,CR408,美国作物408,水果,5.8,6.8,四季种植,"{""N"": 246, ""P"": 45, ""K"": 292}",2024-02-26 16:27:20
409,CR409,部分作物409,蔬菜,5.4,7.5,夏季播种,"{""N"": 187, ""P"": 64, ""K"": 227}",2024-05-31 14:39:56
410,CR410,产品作物410,粮食作物,5.5,6.5,春季播种,"{""N"": 108, ""P"": 54, ""K"": 183}",2024-09-19 02:00:46
411,CR411,是一作物411,蔬菜,5.5,6.6,春季播种,"{""N"": 242, ""P"": 78, ""K"": 223}",2023-12-28 03:17:47
412,CR412,标准作物412,蔬菜,6.2,8.0,春季播种,"{""N"": 130, ""P"": 72, ""K"": 273}",2023-08-06 01:54:05
413,CR413,报告作物413,纤维作物,5.1,7.2,秋季播种,"{""N"": 184, ""P"": 113, ""K"": 138}",2023-06-22 01:52:31
414,CR414,企业作物414,水果,5.1,7.8,四季种植,"{""N"": 199, ""P"": 68, ""K"": 190}",2024-05-29 03:53:23
415,CR415,网络作物415,粮食作物,5.9,7.4,四季种植,"{""N"": 204, ""P"": 87, ""K"": 118}",2023-11-20 08:14:24
416,CR416,如何作物416,水果,5.4,7.2,秋季播种,"{""N"": 98, ""P"": 81, ""K"": 176}",2024-01-23 05:51:47
417,CR417,规定作物417,粮食作物,6.3,7.2,春季播种,"{""N"": 189, ""P"": 66, ""K"": 224}",2024-03-01 07:51:32
418,CR418,一下作物418,水果,5.3,7.8,春季播种,"{""N"": 166, ""P"": 107, ""K"": 257}",2023-10-30 00:57:06
419,CR419,增加作物419,饲料作物,5.2,7.9,秋季播种,"{""N"": 249, ""P"": 69, ""K"": 277}",2024-08-20 03:25:35
420,CR420,客户作物420,花卉,5.4,6.5,春季播种,"{""N"": 232, ""P"": 77, ""K"": 164}",2024-03-13 11:59:25
421,CR421,品牌作物421,蔬菜,5.0,7.4,夏季播种,"{""N"": 210, ""P"": 58, ""K"": 135}",2024-10-27 21:14:23
422,CR422,介绍作物422,纤维作物,5.9,7.6,秋季播种,"{""N"": 101, ""P"": 95, ""K"": 164}",2024-12-23 21:59:13
423,CR423,历史作物423,水果,5.5,6.5,秋季播种,"{""N"": 154, ""P"": 72, ""K"": 222}",2024-02-07 09:41:34
424,CR424,汽车作物424,油料作物,5.3,6.7,秋季播种,"{""N"": 166, ""P"": 99, ""K"": 121}",2024-06-23 14:55:07
425,CR425,这种作物425,饲料作物,5.9,7.4,四季种植,"{""N"": 86, ""P"": 57, ""K"": 297}",2025-03-29 01:12:15
426,CR426,文章作物426,花卉,6.3,7.3,四季种植,"{""N"": 205, ""P"": 118, ""K"": 201}",2024-03-01 04:48:41
427,CR427,得到作物427,纤维作物,6.4,7.9,四季种植,"{""N"": 182, ""P"": 104, ""K"": 261}",2023-10-08 11:25:06
428,CR428,两个作物428,水果,5.3,6.7,夏季播种,"{""N"": 246, ""P"": 67, ""K"": 229}",2023-09-18 20:57:52
429,CR429,因此作物429,纤维作物,5.8,7.7,四季种植,"{""N"": 234, ""P"": 46, ""K"": 287}",2025-02-25 13:54:55
430,CR430,任何作物430,油料作物,5.3,7.9,夏季播种,"{""N"": 203, ""P"": 108, ""K"": 253}",2024-10-17 17:11:41
431,CR431,本站作物431,饲料作物,5.2,7.6,夏季播种,"{""N"": 248, ""P"": 44, ""K"": 276}",2023-08-16 08:34:23
432,CR432,特别作物432,纤维作物,6.1,6.5,夏季播种,"{""N"": 244, ""P"": 116, ""K"": 182}",2024-02-11 22:30:08
433,CR433,准备作物433,蔬菜,5.3,7.0,夏季播种,"{""N"": 175, ""P"": 43, ""K"": 213}",2025-04-28 00:20:56
434,CR434,推荐作物434,蔬菜,5.4,6.7,夏季播种,"{""N"": 231, ""P"": 75, ""K"": 144}",2025-06-09 02:34:01
435,CR435,看到作物435,粮食作物,5.1,7.2,春季播种,"{""N"": 212, ""P"": 48, ""K"": 233}",2024-03-01 09:37:46
436,CR436,是一作物436,药材,6.5,6.9,夏季播种,"{""N"": 229, ""P"": 99, ""K"": 229}",2024-08-08 21:47:45
437,CR437,成为作物437,饲料作物,5.5,7.9,春季播种,"{""N"": 94, ""P"": 82, ""K"": 219}",2023-09-09 19:02:59
438,CR438,特别作物438,花卉,6.0,6.7,夏季播种,"{""N"": 134, ""P"": 59, ""K"": 115}",2024-04-21 21:46:07
439,CR439,我们作物439,油料作物,5.7,6.8,秋季播种,"{""N"": 222, ""P"": 70, ""K"": 130}",2025-02-22 12:23:34
440,CR440,自己作物440,花卉,6.4,6.9,秋季播种,"{""N"": 99, ""P"": 62, ""K"": 207}",2024-11-21 15:49:48
441,CR441,标题作物441,粮食作物,5.7,7.4,秋季播种,"{""N"": 204, ""P"": 79, ""K"": 125}",2024-08-12 21:54:49
442,CR442,科技作物442,蔬菜,6.0,6.7,四季种植,"{""N"": 184, ""P"": 75, ""K"": 258}",2023-12-03 11:54:07
443,CR443,继续作物443,花卉,5.9,6.9,四季种植,"{""N"": 90, ""P"": 49, ""K"": 110}",2024-03-15 21:45:46
444,CR444,客户作物444,饲料作物,6.2,7.9,春季播种,"{""N"": 140, ""P"": 114, ""K"": 168}",2023-10-04 10:26:33
445,CR445,成为作物445,粮食作物,5.5,7.4,夏季播种,"{""N"": 104, ""P"": 71, ""K"": 222}",2025-05-10 05:58:05
446,CR446,一种作物446,纤维作物,5.3,7.6,春季播种,"{""N"": 82, ""P"": 58, ""K"": 207}",2024-02-14 13:52:58
447,CR447,空间作物447,粮食作物,6.1,6.7,夏季播种,"{""N"": 229, ""P"": 86, ""K"": 278}",2023-08-22 18:40:30
448,CR448,其实作物448,蔬菜,6.1,7.9,春季播种,"{""N"": 181, ""P"": 89, ""K"": 262}",2024-10-05 01:02:06
449,CR449,目前作物449,纤维作物,6.1,6.5,春季播种,"{""N"": 246, ""P"": 109, ""K"": 193}",2024-08-01 04:52:55
450,CR450,以上作物450,花卉,5.4,7.2,夏季播种,"{""N"": 196, ""P"": 77, ""K"": 145}",2025-01-24 22:48:44
451,CR451,大学作物451,饲料作物,5.8,6.9,秋季播种,"{""N"": 226, ""P"": 103, ""K"": 112}",2024-01-29 22:37:26
452,CR452,手机作物452,花卉,5.3,7.8,春季播种,"{""N"": 236, ""P"": 60, ""K"": 299}",2024-06-07 20:10:52
453,CR453,成为作物453,油料作物,5.6,6.9,秋季播种,"{""N"": 247, ""P"": 111, ""K"": 287}",2024-09-01 19:29:37
454,CR454,应用作物454,纤维作物,5.0,7.3,四季种植,"{""N"": 104, ""P"": 78, ""K"": 161}",2024-12-21 06:38:34
455,CR455,出来作物455,纤维作物,5.1,6.9,秋季播种,"{""N"": 132, ""P"": 89, ""K"": 248}",2025-01-13 22:28:50
456,CR456,看到作物456,药材,5.4,7.6,春季播种,"{""N"": 230, ""P"": 94, ""K"": 228}",2024-12-24 21:36:21
457,CR457,工程作物457,粮食作物,5.2,7.9,夏季播种,"{""N"": 240, ""P"": 87, ""K"": 107}",2025-03-30 11:32:58
458,CR458,用户作物458,饲料作物,6.3,7.7,夏季播种,"{""N"": 87, ""P"": 50, ""K"": 128}",2023-10-16 11:34:15
459,CR459,发现作物459,药材,5.8,6.9,四季种植,"{""N"": 101, ""P"": 51, ""K"": 111}",2023-08-05 01:40:35
460,CR460,社会作物460,花卉,5.3,7.3,四季种植,"{""N"": 85, ""P"": 89, ""K"": 240}",2025-06-01 07:39:30
461,CR461,为了作物461,药材,5.8,7.6,春季播种,"{""N"": 247, ""P"": 84, ""K"": 151}",2023-10-04 08:30:57
462,CR462,发生作物462,油料作物,6.3,7.7,春季播种,"{""N"": 196, ""P"": 111, ""K"": 202}",2023-07-21 06:57:23
463,CR463,软件作物463,药材,5.5,7.9,秋季播种,"{""N"": 165, ""P"": 118, ""K"": 152}",2024-05-26 03:41:27
464,CR464,最大作物464,饲料作物,5.5,7.6,夏季播种,"{""N"": 216, ""P"": 87, ""K"": 101}",2023-06-20 16:47:59
465,CR465,虽然作物465,药材,6.2,7.6,秋季播种,"{""N"": 154, ""P"": 59, ""K"": 189}",2025-01-29 15:36:23
466,CR466,报告作物466,花卉,6.3,7.8,春季播种,"{""N"": 113, ""P"": 94, ""K"": 182}",2025-02-23 22:04:54
467,CR467,因此作物467,水果,5.9,7.9,秋季播种,"{""N"": 208, ""P"": 90, ""K"": 116}",2024-08-14 01:06:50
468,CR468,积分作物468,粮食作物,5.8,7.7,四季种植,"{""N"": 236, ""P"": 112, ""K"": 141}",2023-06-27 15:28:57
469,CR469,工作作物469,纤维作物,5.5,7.6,秋季播种,"{""N"": 223, ""P"": 58, ""K"": 292}",2023-10-12 07:50:15
470,CR470,生产作物470,粮食作物,5.2,8.0,春季播种,"{""N"": 224, ""P"": 60, ""K"": 238}",2023-06-15 00:11:36
471,CR471,朋友作物471,饲料作物,6.0,7.9,春季播种,"{""N"": 96, ""P"": 88, ""K"": 217}",2023-10-21 12:27:38
472,CR472,开始作物472,药材,5.0,7.5,夏季播种,"{""N"": 198, ""P"": 65, ""K"": 244}",2024-11-16 04:37:22
473,CR473,不能作物473,蔬菜,5.9,7.5,四季种植,"{""N"": 103, ""P"": 93, ""K"": 204}",2025-02-07 01:18:04
474,CR474,相关作物474,蔬菜,6.4,7.1,春季播种,"{""N"": 105, ""P"": 61, ""K"": 220}",2024-05-12 23:49:46
475,CR475,科技作物475,粮食作物,5.2,7.5,夏季播种,"{""N"": 178, ""P"": 105, ""K"": 110}",2025-02-15 16:40:32
476,CR476,来源作物476,药材,5.8,7.4,秋季播种,"{""N"": 221, ""P"": 50, ""K"": 131}",2025-03-03 08:39:49
477,CR477,品牌作物477,药材,6.1,7.2,秋季播种,"{""N"": 162, ""P"": 74, ""K"": 300}",2024-02-26 17:07:21
478,CR478,孩子作物478,水果,5.0,6.9,秋季播种,"{""N"": 218, ""P"": 96, ""K"": 257}",2024-09-20 09:25:29
479,CR479,需要作物479,粮食作物,6.3,7.0,夏季播种,"{""N"": 124, ""P"": 96, ""K"": 268}",2024-07-04 01:34:22
480,CR480,非常作物480,纤维作物,5.7,6.5,秋季播种,"{""N"": 244, ""P"": 57, ""K"": 261}",2023-12-17 01:55:48
481,CR481,孩子作物481,粮食作物,5.6,7.4,春季播种,"{""N"": 241, ""P"": 115, ""K"": 161}",2024-09-02 14:53:59
482,CR482,质量作物482,药材,5.4,7.6,四季种植,"{""N"": 181, ""P"": 49, ""K"": 151}",2024-03-16 19:01:57
483,CR483,游戏作物483,蔬菜,5.9,7.2,秋季播种,"{""N"": 230, ""P"": 120, ""K"": 222}",2025-05-23 22:37:35
484,CR484,评论作物484,粮食作物,5.1,7.0,夏季播种,"{""N"": 116, ""P"": 104, ""K"": 152}",2024-11-24 09:17:31
485,CR485,环境作物485,蔬菜,5.8,6.6,秋季播种,"{""N"": 207, ""P"": 48, ""K"": 187}",2024-05-04 22:59:35
486,CR486,类型作物486,药材,6.0,7.2,四季种植,"{""N"": 109, ""P"": 81, ""K"": 220}",2024-05-06 20:14:17
487,CR487,世界作物487,油料作物,5.2,7.7,春季播种,"{""N"": 212, ""P"": 76, ""K"": 102}",2024-01-29 03:31:00
488,CR488,中文作物488,花卉,6.4,6.5,夏季播种,"{""N"": 187, ""P"": 113, ""K"": 285}",2024-02-23 17:42:31
489,CR489,游戏作物489,药材,5.6,6.6,春季播种,"{""N"": 195, ""P"": 72, ""K"": 196}",2025-05-02 15:48:14
490,CR490,只要作物490,油料作物,5.4,7.1,夏季播种,"{""N"": 132, ""P"": 107, ""K"": 299}",2025-03-29 06:20:49
491,CR491,各种作物491,粮食作物,5.3,7.6,四季种植,"{""N"": 80, ""P"": 94, ""K"": 285}",2025-04-04 20:14:49
492,CR492,责任作物492,饲料作物,6.1,7.0,夏季播种,"{""N"": 171, ""P"": 66, ""K"": 269}",2024-07-07 09:34:54
493,CR493,一下作物493,蔬菜,6.4,7.8,秋季播种,"{""N"": 189, ""P"": 80, ""K"": 265}",2023-10-06 14:41:02
494,CR494,自己作物494,花卉,6.5,7.4,四季种植,"{""N"": 121, ""P"": 71, ""K"": 234}",2023-09-29 10:09:54
495,CR495,由于作物495,粮食作物,5.2,7.6,秋季播种,"{""N"": 90, ""P"": 85, ""K"": 247}",2023-07-25 07:24:19
496,CR496,到了作物496,水果,6.1,7.9,四季种植,"{""N"": 108, ""P"": 76, ""K"": 282}",2024-09-01 20:06:30
497,CR497,全部作物497,蔬菜,5.4,7.5,秋季播种,"{""N"": 181, ""P"": 48, ""K"": 184}",2023-07-04 02:56:03
498,CR498,商品作物498,花卉,5.5,8.0,夏季播种,"{""N"": 161, ""P"": 49, ""K"": 277}",2024-03-08 14:09:59
499,CR499,提供作物499,油料作物,6.4,7.4,夏季播种,"{""N"": 96, ""P"": 114, ""K"": 218}",2023-11-27 06:31:49
500,CR500,学生作物500,油料作物,6.1,6.8,春季播种,"{""N"": 158, ""P"": 69, ""K"": 224}",2025-04-06 04:28:31
