id,product_code,product_name,manufacturer,fertilizer_type,nitrogen_content,phosphorus_content,potassium_content,trace_elements,application_method,price_per_ton,shelf_life,created_at
1,NP001,尿素,中化集团,氮肥,46.0,0,0,"{""Fe"": 1.47, ""Zn"": 0.78, ""B"": 0.15}",叶面喷施,2200,25,2023-12-05 23:26:44
2,NP002,过磷酸钙,云天化,磷肥,0,16.0,0,,叶面喷施,1800,21,2025-04-07 00:37:01
3,NP003,硫酸钾,盐湖股份,钾肥,0,0,50.0,"{""Fe"": 0.5, ""Zn"": 0.41, ""B"": 0.42}",冲施,3200,24,2024-10-17 02:23:08
4,NP004,复合肥15-15-15,史丹利,复合肥,15.0,15.0,15.0,"{""Fe"": 1.23, ""Zn"": 0.44, ""B"": 0.42}",叶面喷施,2800,25,2024-10-24 00:15:05
5,NP005,复合肥17-17-17,金正大,复合肥,17.0,17.0,17.0,"{""Fe"": 0.73, ""Zn"": 0.32, ""B"": 0.19}",叶面喷施,3000,34,2024-05-31 18:36:21
6,NP006,磷酸二铵,六国化工,复合肥,18.0,46.0,0,,叶面喷施,3400,21,2023-07-04 20:19:14
7,NP007,硝酸铵,晋煤集团,氮肥,34.0,0,0,"{""Fe"": 1.72, ""Zn"": 0.46, ""B"": 0.06}",穴施,2400,22,2023-12-01 03:41:07
8,NP008,氯化钾,东海钾肥,钾肥,0,0,60.0,,叶面喷施,2900,22,2024-10-19 10:37:16
9,NP009,有机肥,嘉施利,有机肥,5.0,3.0,2.0,,冲施,1200,33,2024-09-11 16:43:46
10,NP010,生物菌肥,绿康生化,生物肥,8.0,5.0,5.0,"{""Fe"": 0.97, ""Zn"": 0.79, ""B"": 0.3}",条施,2600,30,2024-11-09 01:19:45
11,FP011,生物肥也是11,中化集团,生物肥,16.0,6.7,8.7,,冲施,3106,21,2024-11-02 15:45:25
12,FP012,钾肥一定12,六国化工,钾肥,0,0,41.9,"{""Fe"": 0.65, ""Zn"": 0.81, ""B"": 0.1, ""Cu"": 0.1, ""Mn"": 0.84}",撒施,3401,12,2023-12-11 14:49:06
13,FP013,磷肥可是13,云天化,磷肥,0,18.3,0,,叶面喷施,1968,27,2025-01-26 19:28:10
14,FP014,复合肥地方14,盐湖股份,复合肥,17.6,17.7,12.9,"{""Fe"": 1.58, ""Zn"": 0.32, ""B"": 0.22, ""Cu"": 0.12, ""Mn"": 1.5}",穴施,2328,19,2025-02-21 17:01:34
15,FP015,生物肥日期15,嘉施利,生物肥,21.7,17.5,19.9,,条施,3067,20,2024-07-26 10:42:42
16,FP016,生物肥图片16,六国化工,生物肥,16.1,8.2,5.4,"{""Fe"": 1.51, ""Zn"": 0.94, ""B"": 0.47, ""Cu"": 0.18, ""Mn"": 0.79}",基施,3440,27,2024-08-18 16:56:05
17,FP017,有机肥世界17,云天化,有机肥,16.1,10.0,20.4,"{""Fe"": 1.03, ""Zn"": 0.16, ""B"": 0.07, ""Cu"": 0.1, ""Mn"": 1.46}",条施,2228,36,2024-10-23 21:06:50
18,FP018,氮肥非常18,东海钾肥,氮肥,44.9,0,0,"{""Fe"": 0.45, ""Zn"": 0.85, ""B"": 0.23, ""Cu"": 0.18, ""Mn"": 0.27}",滴灌,2356,26,2024-07-08 12:48:55
19,FP019,钾肥这个19,嘉施利,钾肥,0,0,43.1,"{""Fe"": 1.27, ""Zn"": 0.32, ""B"": 0.13, ""Cu"": 0.05, ""Mn"": 0.66}",基施,3210,14,2024-04-25 08:11:24
20,FP020,复合肥威望20,嘉施利,复合肥,13.9,22.1,13.0,"{""Fe"": 1.0, ""Zn"": 0.79, ""B"": 0.38, ""Cu"": 0.17, ""Mn"": 0.86}",叶面喷施,3468,21,2024-11-29 04:55:05
21,FP021,氮肥详细21,中化集团,氮肥,28.7,0,0,,冲施,2169,23,2023-09-08 18:09:47
22,FP022,氮肥地区22,金正大,氮肥,37.5,0,0,,撒施,2452,30,2023-08-31 22:25:18
23,FP023,叶面肥今天23,嘉施利,叶面肥,6.7,19.2,16.4,,基施,2499,12,2024-11-11 05:30:24
24,FP024,钾肥联系24,六国化工,钾肥,0,0,51.0,,滴灌,3203,29,2024-08-02 06:47:44
25,FP025,叶面肥公司25,中化集团,叶面肥,22.7,8.4,8.6,,滴灌,3681,28,2024-03-06 12:34:06
26,FP026,磷肥部门26,盐湖股份,磷肥,0,16.2,0,,滴灌,1997,19,2025-03-24 22:11:05
27,FP027,微量元素肥责任27,盐湖股份,微量元素肥,12.1,9.3,10.0,,冲施,2507,33,2024-09-14 09:16:27
28,FP028,氮肥主题28,史丹利,氮肥,29.8,0,0,,穴施,2535,14,2023-07-05 17:15:48
29,FP029,生物肥法律29,嘉施利,生物肥,16.7,18.7,16.5,,撒施,3632,26,2025-04-13 18:44:46
30,FP030,有机肥具有30,中化集团,有机肥,22.4,22.0,19.2,,叶面喷施,2245,20,2023-12-19 16:18:30
31,FP031,氮肥如何31,云天化,氮肥,47.0,0,0,"{""Fe"": 0.32, ""Zn"": 0.98, ""B"": 0.47, ""Cu"": 0.19, ""Mn"": 0.36}",撒施,2329,29,2024-09-11 18:35:45
32,FP032,钾肥时候32,盐湖股份,钾肥,0,0,49.4,,冲施,3495,17,2025-01-06 17:45:17
33,FP033,钾肥之间33,盐湖股份,钾肥,0,0,56.9,,滴灌,3065,14,2023-12-03 11:19:19
34,FP034,叶面肥客户34,中化集团,叶面肥,24.1,6.8,16.2,"{""Fe"": 0.23, ""Zn"": 0.63, ""B"": 0.07, ""Cu"": 0.15, ""Mn"": 1.29}",基施,2601,20,2024-09-13 08:08:20
35,FP035,氮肥继续35,中化集团,氮肥,34.3,0,0,"{""Fe"": 1.67, ""Zn"": 0.47, ""B"": 0.05, ""Cu"": 0.1, ""Mn"": 0.41}",撒施,2723,35,2023-07-23 22:02:43
36,FP036,磷肥管理36,嘉施利,磷肥,0,17.0,0,,滴灌,1500,24,2024-01-04 17:18:54
37,FP037,氮肥一点37,盐湖股份,氮肥,21.9,0,0,"{""Fe"": 0.71, ""Zn"": 0.44, ""B"": 0.5, ""Cu"": 0.08, ""Mn"": 0.32}",条施,2067,18,2023-06-23 07:33:01
38,FP038,氮肥各种38,中化集团,氮肥,48.2,0,0,,条施,2096,28,2024-02-07 07:44:07
39,FP039,磷肥成为39,金正大,磷肥,0,17.9,0,"{""Fe"": 0.53, ""Zn"": 0.35, ""B"": 0.45, ""Cu"": 0.06, ""Mn"": 0.71}",冲施,2119,21,2024-09-12 07:17:18
40,FP040,微量元素肥一种40,史丹利,微量元素肥,11.7,14.2,11.8,"{""Fe"": 1.24, ""Zn"": 0.44, ""B"": 0.27, ""Cu"": 0.04, ""Mn"": 0.61}",冲施,3434,14,2025-02-22 08:32:32
41,FP041,氮肥的是41,东海钾肥,氮肥,24.6,0,0,"{""Fe"": 0.54, ""Zn"": 0.62, ""B"": 0.39, ""Cu"": 0.17, ""Mn"": 0.63}",滴灌,2596,29,2023-07-11 21:12:17
42,FP042,钾肥通过42,嘉施利,钾肥,0,0,45.9,"{""Fe"": 0.3, ""Zn"": 0.51, ""B"": 0.44, ""Cu"": 0.11, ""Mn"": 0.98}",穴施,3346,28,2024-07-20 11:58:19
43,FP043,微量元素肥用户43,金正大,微量元素肥,20.5,17.3,16.3,,叶面喷施,3348,20,2024-11-05 02:12:18
44,FP044,有机肥商品44,金正大,有机肥,5.1,8.5,21.8,"{""Fe"": 1.89, ""Zn"": 0.93, ""B"": 0.12, ""Cu"": 0.08, ""Mn"": 1.05}",叶面喷施,3738,30,2025-04-13 08:41:28
45,FP045,微量元素肥解决45,盐湖股份,微量元素肥,23.8,9.0,22.8,"{""Fe"": 1.18, ""Zn"": 0.51, ""B"": 0.09, ""Cu"": 0.13, ""Mn"": 0.92}",基施,3382,20,2024-08-30 16:10:36
46,FP046,钾肥正在46,嘉施利,钾肥,0,0,46.3,"{""Fe"": 0.57, ""Zn"": 0.32, ""B"": 0.08, ""Cu"": 0.03, ""Mn"": 1.36}",冲施,3264,32,2024-05-04 16:39:51
47,FP047,叶面肥男人47,中化集团,叶面肥,24.7,5.6,17.7,,撒施,3320,33,2025-04-19 01:20:56
48,FP048,生物肥那个48,云天化,生物肥,14.2,16.4,20.6,,穴施,3359,20,2025-02-01 20:33:00
49,FP049,生物肥怎么49,盐湖股份,生物肥,20.3,7.4,16.1,"{""Fe"": 1.11, ""Zn"": 0.33, ""B"": 0.41, ""Cu"": 0.19, ""Mn"": 0.89}",冲施,2974,18,2024-11-11 10:19:28
50,FP050,钾肥只要50,中化集团,钾肥,0,0,44.0,,条施,3197,18,2025-03-21 01:22:57
51,FP051,有机肥注意51,嘉施利,有机肥,22.4,14.6,21.0,"{""Fe"": 1.2, ""Zn"": 0.45, ""B"": 0.28, ""Cu"": 0.19, ""Mn"": 0.62}",叶面喷施,3444,32,2025-02-22 13:00:02
52,FP052,钾肥查看52,盐湖股份,钾肥,0,0,44.5,"{""Fe"": 0.16, ""Zn"": 0.24, ""B"": 0.37, ""Cu"": 0.26, ""Mn"": 0.58}",叶面喷施,2831,31,2024-10-01 03:18:59
53,FP053,复合肥他的53,六国化工,复合肥,17.9,22.9,7.3,"{""Fe"": 0.87, ""Zn"": 0.3, ""B"": 0.39, ""Cu"": 0.29, ""Mn"": 0.97}",冲施,2974,35,2023-07-31 20:34:48
54,FP054,有机肥最大54,六国化工,有机肥,8.9,12.1,7.3,"{""Fe"": 1.88, ""Zn"": 0.98, ""B"": 0.12, ""Cu"": 0.09, ""Mn"": 0.66}",条施,2872,34,2024-01-17 19:52:37
55,FP055,生物肥日本55,嘉施利,生物肥,23.0,6.1,22.9,"{""Fe"": 1.57, ""Zn"": 0.61, ""B"": 0.39, ""Cu"": 0.19, ""Mn"": 0.33}",条施,3343,14,2024-10-23 18:50:18
56,FP056,钾肥当前56,金正大,钾肥,0,0,63.8,,条施,3226,15,2023-12-22 17:13:53
57,FP057,有机肥积分57,东海钾肥,有机肥,21.1,7.9,18.9,"{""Fe"": 1.12, ""Zn"": 0.28, ""B"": 0.19, ""Cu"": 0.18, ""Mn"": 0.41}",条施,2737,25,2023-12-04 13:56:56
58,FP058,生物肥介绍58,盐湖股份,生物肥,21.8,17.2,17.9,,滴灌,2993,17,2025-05-18 14:26:49
59,FP059,叶面肥最新59,中化集团,叶面肥,14.8,6.4,22.3,"{""Fe"": 0.47, ""Zn"": 0.57, ""B"": 0.4, ""Cu"": 0.16, ""Mn"": 0.93}",滴灌,2425,14,2024-07-25 18:30:44
60,FP060,钾肥网上60,史丹利,钾肥,0,0,44.1,,穴施,3396,31,2023-06-26 12:03:55
61,FP061,磷肥品牌61,金正大,磷肥,0,17.3,0,,冲施,1533,19,2025-04-09 09:32:51
62,FP062,钾肥专业62,金正大,钾肥,0,0,63.7,,叶面喷施,2814,35,2024-02-18 04:25:11
63,FP063,叶面肥最新63,东海钾肥,叶面肥,6.9,21.4,6.1,,基施,2677,21,2024-02-05 21:54:32
64,FP064,磷肥而且64,云天化,磷肥,0,12.3,0,,条施,1692,28,2024-03-08 13:18:20
65,FP065,钾肥地区65,盐湖股份,钾肥,0,0,45.8,"{""Fe"": 0.89, ""Zn"": 0.61, ""B"": 0.21, ""Cu"": 0.03, ""Mn"": 1.1}",滴灌,3021,33,2023-12-29 01:38:18
66,FP066,微量元素肥文件66,史丹利,微量元素肥,19.0,23.5,9.5,"{""Fe"": 0.25, ""Zn"": 0.75, ""B"": 0.4, ""Cu"": 0.05, ""Mn"": 1.38}",穴施,2812,13,2024-05-10 16:33:36
67,FP067,氮肥电影67,嘉施利,氮肥,38.1,0,0,"{""Fe"": 0.25, ""Zn"": 0.9, ""B"": 0.1, ""Cu"": 0.23, ""Mn"": 0.66}",滴灌,2305,26,2024-08-24 04:31:33
68,FP068,微量元素肥大小68,金正大,微量元素肥,20.2,20.0,7.2,,基施,2734,18,2025-05-31 02:09:36
69,FP069,有机肥不会69,史丹利,有机肥,23.5,21.0,24.3,"{""Fe"": 0.47, ""Zn"": 0.8, ""B"": 0.23, ""Cu"": 0.12, ""Mn"": 1.2}",条施,3636,32,2024-10-20 10:48:28
70,FP070,钾肥世界70,史丹利,钾肥,0,0,49.7,"{""Fe"": 0.89, ""Zn"": 0.17, ""B"": 0.29, ""Cu"": 0.1, ""Mn"": 0.96}",叶面喷施,3171,22,2025-04-11 05:53:33
71,FP071,复合肥记者71,六国化工,复合肥,9.9,13.3,23.6,,叶面喷施,3209,29,2024-05-21 10:20:19
72,FP072,钾肥安全72,金正大,钾肥,0,0,46.2,,撒施,2821,27,2023-10-03 18:44:05
73,FP073,生物肥详细73,六国化工,生物肥,16.7,15.6,5.1,"{""Fe"": 1.35, ""Zn"": 0.34, ""B"": 0.49, ""Cu"": 0.07, ""Mn"": 0.55}",基施,3434,12,2025-03-30 11:31:39
74,FP074,钾肥经济74,金正大,钾肥,0,0,42.7,,基施,2801,31,2024-09-04 11:58:42
75,FP075,磷肥社区75,史丹利,磷肥,0,14.8,0,,撒施,1515,20,2024-11-25 16:45:37
76,FP076,叶面肥下载76,云天化,叶面肥,6.8,10.9,19.0,,撒施,3302,31,2024-03-18 09:12:30
77,FP077,钾肥处理77,云天化,钾肥,0,0,46.8,,基施,3059,23,2025-01-22 00:47:58
78,FP078,氮肥决定78,六国化工,氮肥,47.9,0,0,,冲施,2211,19,2024-12-04 20:54:27
79,FP079,钾肥实现79,中化集团,钾肥,0,0,54.3,,基施,3395,17,2023-07-01 00:11:04
80,FP080,微量元素肥作者80,金正大,微量元素肥,9.7,18.9,13.3,,叶面喷施,3092,33,2023-07-19 00:07:46
81,FP081,叶面肥可能81,东海钾肥,叶面肥,7.8,11.7,18.2,,冲施,3339,23,2023-06-22 15:48:31
82,FP082,生物肥今天82,云天化,生物肥,11.4,9.1,14.3,"{""Fe"": 1.1, ""Zn"": 0.11, ""B"": 0.08, ""Cu"": 0.18, ""Mn"": 1.47}",滴灌,2236,36,2023-10-03 02:53:45
83,FP083,叶面肥拥有83,金正大,叶面肥,7.5,22.5,16.1,"{""Fe"": 1.51, ""Zn"": 0.16, ""B"": 0.38, ""Cu"": 0.28, ""Mn"": 1.31}",穴施,3281,22,2023-08-28 18:37:30
84,FP084,氮肥网上84,中化集团,氮肥,36.5,0,0,"{""Fe"": 1.23, ""Zn"": 0.81, ""B"": 0.42, ""Cu"": 0.17, ""Mn"": 1.46}",条施,2483,27,2025-04-20 12:33:06
85,FP085,叶面肥国内85,嘉施利,叶面肥,11.4,23.7,10.3,,基施,3771,30,2024-06-28 13:46:02
86,FP086,钾肥汽车86,云天化,钾肥,0,0,47.0,"{""Fe"": 1.42, ""Zn"": 0.35, ""B"": 0.27, ""Cu"": 0.03, ""Mn"": 0.14}",滴灌,3113,23,2024-09-26 22:03:44
87,FP087,叶面肥部分87,东海钾肥,叶面肥,20.0,7.5,13.6,"{""Fe"": 1.8, ""Zn"": 0.7, ""B"": 0.07, ""Cu"": 0.29, ""Mn"": 0.61}",基施,3678,30,2023-10-24 10:49:11
88,FP088,复合肥工具88,盐湖股份,复合肥,17.2,5.0,17.9,,冲施,3311,16,2025-06-11 11:17:24
89,FP089,生物肥业务89,云天化,生物肥,15.5,22.2,9.0,"{""Fe"": 0.81, ""Zn"": 0.36, ""B"": 0.24, ""Cu"": 0.12, ""Mn"": 0.44}",穴施,3129,31,2024-07-29 01:10:43
90,FP090,复合肥文章90,中化集团,复合肥,22.9,12.9,12.6,"{""Fe"": 0.82, ""Zn"": 0.37, ""B"": 0.06, ""Cu"": 0.23, ""Mn"": 1.09}",滴灌,2917,36,2024-04-16 18:05:58
91,FP091,氮肥其他91,金正大,氮肥,37.6,0,0,"{""Fe"": 0.73, ""Zn"": 0.87, ""B"": 0.08, ""Cu"": 0.05, ""Mn"": 0.37}",条施,2158,18,2025-05-02 03:26:14
92,FP092,微量元素肥组织92,六国化工,微量元素肥,23.7,13.7,22.1,"{""Fe"": 0.21, ""Zn"": 0.48, ""B"": 0.48, ""Cu"": 0.17, ""Mn"": 0.42}",基施,2641,34,2024-11-05 06:10:49
93,FP093,复合肥而且93,东海钾肥,复合肥,24.8,12.9,23.4,"{""Fe"": 1.63, ""Zn"": 1.0, ""B"": 0.4, ""Cu"": 0.15, ""Mn"": 0.86}",穴施,2379,32,2024-03-10 03:55:58
94,FP094,氮肥为什94,盐湖股份,氮肥,39.7,0,0,,穴施,2001,33,2023-11-21 23:43:12
95,FP095,有机肥正在95,云天化,有机肥,7.0,9.4,15.9,"{""Fe"": 1.65, ""Zn"": 0.77, ""B"": 0.08, ""Cu"": 0.24, ""Mn"": 0.79}",穴施,2474,20,2025-04-17 18:20:39
96,FP096,钾肥回复96,嘉施利,钾肥,0,0,40.4,"{""Fe"": 1.66, ""Zn"": 0.16, ""B"": 0.24, ""Cu"": 0.29, ""Mn"": 0.7}",冲施,3096,25,2024-04-02 02:48:14
97,FP097,叶面肥这么97,盐湖股份,叶面肥,20.1,24.0,14.3,,冲施,3062,32,2024-01-08 14:21:49
98,FP098,氮肥无法98,盐湖股份,氮肥,31.7,0,0,"{""Fe"": 0.2, ""Zn"": 0.93, ""B"": 0.14, ""Cu"": 0.08, ""Mn"": 1.05}",冲施,2210,32,2025-02-28 22:50:09
99,FP099,复合肥那些99,六国化工,复合肥,9.5,14.1,22.1,"{""Fe"": 0.44, ""Zn"": 0.72, ""B"": 0.03, ""Cu"": 0.11, ""Mn"": 0.58}",滴灌,2901,28,2024-06-14 20:18:33
100,FP100,生物肥经验100,云天化,生物肥,9.9,15.8,9.9,"{""Fe"": 1.07, ""Zn"": 0.95, ""B"": 0.26, ""Cu"": 0.22, ""Mn"": 0.11}",滴灌,2832,16,2023-11-07 15:43:26
101,FP101,微量元素肥商品101,六国化工,微量元素肥,22.1,14.9,22.0,,条施,3183,29,2023-08-21 04:04:12
102,FP102,叶面肥语言102,金正大,叶面肥,14.3,17.6,13.5,"{""Fe"": 0.1, ""Zn"": 0.88, ""B"": 0.2, ""Cu"": 0.24, ""Mn"": 0.97}",滴灌,3192,19,2025-02-19 16:28:24
103,FP103,氮肥注意103,中化集团,氮肥,27.5,0,0,,条施,2507,29,2023-07-28 23:49:18
104,FP104,磷肥是否104,盐湖股份,磷肥,0,14.1,0,"{""Fe"": 1.65, ""Zn"": 0.74, ""B"": 0.22, ""Cu"": 0.04, ""Mn"": 0.63}",冲施,1983,16,2024-01-09 13:20:31
105,FP105,有机肥积分105,云天化,有机肥,6.6,15.5,5.6,,穴施,2536,16,2023-12-08 21:50:14
106,FP106,磷肥东西106,嘉施利,磷肥,0,15.0,0,"{""Fe"": 0.55, ""Zn"": 0.26, ""B"": 0.21, ""Cu"": 0.28, ""Mn"": 1.36}",滴灌,1545,35,2024-01-03 06:49:00
107,FP107,复合肥时候107,盐湖股份,复合肥,17.6,22.5,11.7,,撒施,2222,20,2023-06-24 13:46:12
108,FP108,有机肥表示108,嘉施利,有机肥,12.1,19.4,15.5,,滴灌,2345,14,2023-10-13 03:53:56
109,FP109,有机肥全部109,盐湖股份,有机肥,16.2,5.0,19.8,"{""Fe"": 0.91, ""Zn"": 0.44, ""B"": 0.12, ""Cu"": 0.22, ""Mn"": 1.41}",叶面喷施,3790,20,2023-06-21 12:47:29
110,FP110,微量元素肥大学110,史丹利,微量元素肥,19.0,19.1,22.2,,条施,2594,15,2024-10-08 18:59:25
111,FP111,微量元素肥来自111,嘉施利,微量元素肥,9.4,22.4,21.9,,滴灌,3627,14,2024-11-05 02:12:13
112,FP112,氮肥完全112,中化集团,氮肥,36.7,0,0,"{""Fe"": 0.55, ""Zn"": 0.68, ""B"": 0.06, ""Cu"": 0.2, ""Mn"": 1.23}",滴灌,2517,36,2024-11-25 19:01:23
113,FP113,磷肥资源113,盐湖股份,磷肥,0,12.1,0,"{""Fe"": 0.82, ""Zn"": 0.65, ""B"": 0.03, ""Cu"": 0.12, ""Mn"": 0.59}",穴施,1802,30,2024-05-30 18:29:02
114,FP114,生物肥文章114,史丹利,生物肥,15.3,14.1,21.2,,条施,3086,24,2024-02-24 17:48:33
115,FP115,微量元素肥他们115,金正大,微量元素肥,20.0,15.5,20.8,"{""Fe"": 0.26, ""Zn"": 0.64, ""B"": 0.34, ""Cu"": 0.21, ""Mn"": 1.41}",撒施,2405,22,2024-03-01 00:01:54
116,FP116,有机肥那个116,史丹利,有机肥,21.3,8.5,5.6,,滴灌,3754,29,2024-04-20 19:57:56
117,FP117,微量元素肥文化117,六国化工,微量元素肥,14.3,12.9,19.6,"{""Fe"": 0.62, ""Zn"": 0.62, ""B"": 0.35, ""Cu"": 0.09, ""Mn"": 0.55}",基施,2683,12,2024-05-14 21:26:53
118,FP118,有机肥公司118,六国化工,有机肥,24.7,7.5,10.5,,冲施,2682,13,2023-12-10 18:51:56
119,FP119,氮肥因此119,史丹利,氮肥,30.0,0,0,"{""Fe"": 1.04, ""Zn"": 0.89, ""B"": 0.43, ""Cu"": 0.27, ""Mn"": 0.52}",条施,2458,14,2024-08-10 11:51:26
120,FP120,有机肥对于120,嘉施利,有机肥,23.8,12.0,9.4,,基施,3308,32,2025-02-23 02:52:15
121,FP121,磷肥发展121,中化集团,磷肥,0,15.0,0,"{""Fe"": 1.61, ""Zn"": 0.08, ""B"": 0.37, ""Cu"": 0.11, ""Mn"": 1.4}",滴灌,1790,23,2024-05-17 08:15:09
122,FP122,磷肥支持122,东海钾肥,磷肥,0,15.4,0,"{""Fe"": 1.87, ""Zn"": 0.53, ""B"": 0.05, ""Cu"": 0.22, ""Mn"": 0.37}",冲施,1699,33,2024-09-12 17:21:53
123,FP123,有机肥活动123,云天化,有机肥,21.4,13.4,13.5,"{""Fe"": 1.97, ""Zn"": 0.56, ""B"": 0.44, ""Cu"": 0.16, ""Mn"": 0.21}",撒施,3013,34,2025-03-02 00:08:03
124,FP124,有机肥标准124,中化集团,有机肥,13.0,11.4,13.5,,基施,3513,22,2023-07-25 23:01:31
125,FP125,叶面肥自己125,嘉施利,叶面肥,19.5,19.5,7.5,"{""Fe"": 1.54, ""Zn"": 0.91, ""B"": 0.45, ""Cu"": 0.12, ""Mn"": 1.43}",基施,3294,24,2023-09-02 19:09:35
126,FP126,磷肥政府126,嘉施利,磷肥,0,18.6,0,,叶面喷施,1526,24,2023-10-21 10:19:41
127,FP127,氮肥城市127,金正大,氮肥,43.2,0,0,"{""Fe"": 1.05, ""Zn"": 0.21, ""B"": 0.07, ""Cu"": 0.1, ""Mn"": 1.44}",基施,2273,17,2023-12-23 07:03:57
128,FP128,氮肥本站128,中化集团,氮肥,30.0,0,0,,撒施,2701,21,2025-05-09 15:46:46
129,FP129,生物肥类别129,六国化工,生物肥,23.1,17.4,21.2,"{""Fe"": 1.43, ""Zn"": 0.93, ""B"": 0.32, ""Cu"": 0.26, ""Mn"": 0.92}",滴灌,2376,17,2023-08-03 21:15:31
130,FP130,生物肥部门130,金正大,生物肥,17.4,18.6,24.4,,叶面喷施,2818,36,2023-06-16 10:58:21
131,FP131,微量元素肥大学131,盐湖股份,微量元素肥,16.2,21.9,11.5,,穴施,2390,26,2024-11-12 10:23:09
132,FP132,钾肥必须132,六国化工,钾肥,0,0,64.3,,叶面喷施,3029,30,2024-05-12 19:39:20
133,FP133,叶面肥名称133,金正大,叶面肥,19.1,10.5,11.4,"{""Fe"": 0.69, ""Zn"": 0.84, ""B"": 0.38, ""Cu"": 0.06, ""Mn"": 0.75}",基施,2961,19,2024-05-05 15:45:40
134,FP134,磷肥之后134,中化集团,磷肥,0,19.7,0,"{""Fe"": 0.57, ""Zn"": 0.46, ""B"": 0.15, ""Cu"": 0.23, ""Mn"": 0.72}",冲施,2120,34,2025-04-02 11:03:32
135,FP135,氮肥部门135,盐湖股份,氮肥,36.4,0,0,"{""Fe"": 0.39, ""Zn"": 0.12, ""B"": 0.25, ""Cu"": 0.11, ""Mn"": 1.42}",叶面喷施,2363,22,2024-09-24 14:20:05
136,FP136,磷肥全部136,史丹利,磷肥,0,13.1,0,"{""Fe"": 1.35, ""Zn"": 0.43, ""B"": 0.2, ""Cu"": 0.04, ""Mn"": 0.17}",撒施,1939,31,2024-11-11 19:42:46
137,FP137,叶面肥本站137,金正大,叶面肥,17.9,21.6,9.3,"{""Fe"": 0.85, ""Zn"": 0.06, ""B"": 0.27, ""Cu"": 0.27, ""Mn"": 1.02}",滴灌,3762,17,2023-10-06 07:35:24
138,FP138,氮肥什么138,盐湖股份,氮肥,44.4,0,0,"{""Fe"": 1.65, ""Zn"": 0.72, ""B"": 0.46, ""Cu"": 0.29, ""Mn"": 0.89}",滴灌,2393,20,2024-04-13 16:39:52
139,FP139,微量元素肥更新139,六国化工,微量元素肥,14.4,5.7,23.7,,撒施,3231,32,2023-11-19 06:18:47
140,FP140,磷肥出来140,中化集团,磷肥,0,19.7,0,"{""Fe"": 1.31, ""Zn"": 0.74, ""B"": 0.37, ""Cu"": 0.25, ""Mn"": 0.14}",滴灌,1545,14,2025-01-21 07:54:27
141,FP141,微量元素肥结果141,云天化,微量元素肥,7.3,5.5,14.7,,撒施,3462,14,2023-07-03 13:52:35
142,FP142,磷肥推荐142,嘉施利,磷肥,0,18.0,0,"{""Fe"": 1.32, ""Zn"": 0.2, ""B"": 0.06, ""Cu"": 0.25, ""Mn"": 0.13}",撒施,1992,25,2023-09-01 17:32:34
143,FP143,有机肥认为143,盐湖股份,有机肥,12.8,17.0,23.4,"{""Fe"": 1.41, ""Zn"": 0.76, ""B"": 0.35, ""Cu"": 0.02, ""Mn"": 0.83}",条施,3685,14,2025-05-04 17:02:26
144,FP144,复合肥操作144,嘉施利,复合肥,8.4,17.7,9.8,"{""Fe"": 0.66, ""Zn"": 0.94, ""B"": 0.22, ""Cu"": 0.13, ""Mn"": 0.23}",穴施,3577,15,2023-07-09 21:08:11
145,FP145,微量元素肥还有145,盐湖股份,微量元素肥,23.7,17.1,11.1,,冲施,2334,27,2024-09-27 02:31:03
146,FP146,生物肥使用146,六国化工,生物肥,20.0,12.6,18.9,"{""Fe"": 1.82, ""Zn"": 0.22, ""B"": 0.07, ""Cu"": 0.23, ""Mn"": 0.49}",条施,2267,24,2024-12-25 00:41:57
147,FP147,微量元素肥继续147,六国化工,微量元素肥,11.5,24.9,13.7,"{""Fe"": 1.22, ""Zn"": 0.72, ""B"": 0.26, ""Cu"": 0.16, ""Mn"": 1.11}",冲施,2332,19,2024-05-07 23:31:48
148,FP148,复合肥学生148,中化集团,复合肥,24.4,7.0,11.2,,撒施,2567,26,2024-06-01 19:01:50
149,FP149,有机肥合作149,云天化,有机肥,11.3,10.3,10.7,,条施,3762,32,2025-05-20 02:14:22
150,FP150,氮肥能力150,云天化,氮肥,34.2,0,0,,滴灌,2481,28,2024-02-09 03:18:43
151,FP151,复合肥组织151,中化集团,复合肥,20.8,14.0,24.1,,穴施,3219,22,2023-08-20 04:42:16
152,FP152,微量元素肥一次152,中化集团,微量元素肥,9.5,11.6,16.6,"{""Fe"": 0.2, ""Zn"": 0.29, ""B"": 0.33, ""Cu"": 0.19, ""Mn"": 0.18}",穴施,3518,24,2024-01-28 21:38:19
153,FP153,复合肥东西153,云天化,复合肥,23.6,22.9,20.8,"{""Fe"": 1.93, ""Zn"": 0.13, ""B"": 0.24, ""Cu"": 0.03, ""Mn"": 0.71}",撒施,2794,18,2024-08-29 14:36:28
154,FP154,磷肥方面154,嘉施利,磷肥,0,14.8,0,"{""Fe"": 1.79, ""Zn"": 0.29, ""B"": 0.14, ""Cu"": 0.25, ""Mn"": 0.69}",条施,1753,19,2024-07-16 08:53:53
155,FP155,复合肥各种155,中化集团,复合肥,5.5,6.8,8.2,"{""Fe"": 1.8, ""Zn"": 0.58, ""B"": 0.22, ""Cu"": 0.08, ""Mn"": 0.95}",穴施,3475,12,2025-01-28 18:57:13
156,FP156,生物肥问题156,盐湖股份,生物肥,17.3,7.1,5.5,,基施,2375,20,2025-06-02 04:06:04
157,FP157,生物肥这里157,嘉施利,生物肥,8.1,15.1,23.5,,条施,3678,14,2023-07-03 22:40:05
158,FP158,氮肥以后158,中化集团,氮肥,28.1,0,0,"{""Fe"": 0.5, ""Zn"": 0.87, ""B"": 0.12, ""Cu"": 0.13, ""Mn"": 0.48}",基施,2241,17,2023-09-08 05:00:42
159,FP159,钾肥公司159,史丹利,钾肥,0,0,41.8,"{""Fe"": 0.26, ""Zn"": 0.28, ""B"": 0.46, ""Cu"": 0.05, ""Mn"": 0.62}",基施,3391,32,2024-10-15 11:42:50
160,FP160,有机肥查看160,中化集团,有机肥,15.4,10.7,9.1,"{""Fe"": 0.33, ""Zn"": 0.66, ""B"": 0.06, ""Cu"": 0.22, ""Mn"": 1.14}",撒施,3734,30,2025-03-30 18:27:59
161,FP161,微量元素肥汽车161,嘉施利,微量元素肥,24.9,9.0,5.1,,冲施,2214,36,2024-04-11 18:08:34
162,FP162,钾肥发展162,东海钾肥,钾肥,0,0,40.7,,条施,3401,27,2025-05-13 02:48:45
163,FP163,钾肥今天163,东海钾肥,钾肥,0,0,59.7,,条施,2809,16,2024-06-02 12:39:06
164,FP164,钾肥制作164,嘉施利,钾肥,0,0,47.1,,叶面喷施,2904,30,2023-09-04 01:50:49
165,FP165,磷肥我们165,六国化工,磷肥,0,16.6,0,,冲施,1561,14,2024-01-17 23:40:24
166,FP166,微量元素肥方法166,中化集团,微量元素肥,11.6,8.1,17.7,"{""Fe"": 1.85, ""Zn"": 0.35, ""B"": 0.37, ""Cu"": 0.05, ""Mn"": 0.39}",基施,2730,23,2024-04-26 07:12:31
167,FP167,复合肥组织167,东海钾肥,复合肥,22.7,18.4,14.8,"{""Fe"": 0.34, ""Zn"": 0.47, ""B"": 0.1, ""Cu"": 0.15, ""Mn"": 1.35}",冲施,3352,24,2025-03-05 13:01:11
168,FP168,有机肥包括168,嘉施利,有机肥,19.1,19.5,24.7,"{""Fe"": 1.8, ""Zn"": 0.51, ""B"": 0.27, ""Cu"": 0.03, ""Mn"": 0.87}",冲施,2330,14,2024-07-20 20:28:00
169,FP169,磷肥操作169,中化集团,磷肥,0,17.3,0,"{""Fe"": 0.33, ""Zn"": 0.59, ""B"": 0.47, ""Cu"": 0.11, ""Mn"": 0.29}",基施,1895,15,2024-08-25 12:28:46
170,FP170,有机肥最大170,中化集团,有机肥,19.9,12.6,15.4,"{""Fe"": 1.49, ""Zn"": 0.05, ""B"": 0.03, ""Cu"": 0.22, ""Mn"": 0.15}",叶面喷施,2374,25,2024-09-23 18:24:19
171,FP171,钾肥那个171,东海钾肥,钾肥,0,0,51.8,"{""Fe"": 1.08, ""Zn"": 0.97, ""B"": 0.08, ""Cu"": 0.16, ""Mn"": 0.24}",叶面喷施,2946,16,2024-12-02 20:15:16
172,FP172,磷肥包括172,云天化,磷肥,0,13.9,0,"{""Fe"": 1.62, ""Zn"": 0.67, ""B"": 0.32, ""Cu"": 0.17, ""Mn"": 0.96}",滴灌,1877,17,2023-06-15 02:11:34
173,FP173,钾肥表示173,东海钾肥,钾肥,0,0,45.9,,滴灌,3462,23,2024-12-19 12:08:38
174,FP174,复合肥开始174,六国化工,复合肥,12.0,23.9,9.6,,基施,2711,14,2023-06-20 09:55:48
175,FP175,有机肥还有175,嘉施利,有机肥,22.5,19.1,9.0,,穴施,3305,32,2024-01-22 21:09:48
176,FP176,钾肥音乐176,云天化,钾肥,0,0,58.0,,滴灌,3332,22,2024-03-25 04:09:48
177,FP177,生物肥认为177,六国化工,生物肥,23.9,7.8,21.8,,撒施,2841,28,2025-03-09 14:49:25
178,FP178,叶面肥怎么178,云天化,叶面肥,13.2,17.3,8.2,,冲施,2563,16,2023-10-23 04:45:46
179,FP179,叶面肥这些179,盐湖股份,叶面肥,15.9,15.0,8.1,"{""Fe"": 0.78, ""Zn"": 0.64, ""B"": 0.29, ""Cu"": 0.22, ""Mn"": 1.19}",叶面喷施,2643,21,2023-07-03 19:52:20
180,FP180,微量元素肥包括180,金正大,微量元素肥,19.4,18.4,14.4,"{""Fe"": 1.92, ""Zn"": 0.86, ""B"": 0.2, ""Cu"": 0.2, ""Mn"": 0.98}",条施,2526,19,2024-01-28 21:57:12
181,FP181,磷肥类型181,六国化工,磷肥,0,18.1,0,"{""Fe"": 0.26, ""Zn"": 0.76, ""B"": 0.14, ""Cu"": 0.27, ""Mn"": 0.4}",基施,1967,22,2023-10-11 22:58:48
182,FP182,复合肥这个182,金正大,复合肥,7.7,18.8,5.9,,穴施,2392,17,2024-05-25 10:13:48
183,FP183,钾肥问题183,东海钾肥,钾肥,0,0,50.7,"{""Fe"": 0.27, ""Zn"": 0.64, ""B"": 0.09, ""Cu"": 0.15, ""Mn"": 1.01}",条施,2837,26,2024-05-07 04:19:18
184,FP184,叶面肥记者184,嘉施利,叶面肥,6.6,13.7,21.4,,穴施,2429,24,2024-12-25 18:38:02
185,FP185,磷肥客户185,史丹利,磷肥,0,17.8,0,,撒施,1730,12,2023-11-22 21:07:47
186,FP186,磷肥完全186,史丹利,磷肥,0,16.9,0,"{""Fe"": 1.73, ""Zn"": 0.64, ""B"": 0.14, ""Cu"": 0.1, ""Mn"": 0.92}",叶面喷施,2111,29,2023-09-04 06:15:37
187,FP187,生物肥那些187,东海钾肥,生物肥,7.1,14.6,5.9,"{""Fe"": 0.41, ""Zn"": 0.17, ""B"": 0.23, ""Cu"": 0.22, ""Mn"": 0.84}",撒施,3421,30,2023-12-14 07:36:18
188,FP188,微量元素肥然后188,史丹利,微量元素肥,21.1,11.5,17.0,,滴灌,3518,23,2025-05-29 18:07:39
189,FP189,有机肥生产189,嘉施利,有机肥,16.6,12.2,9.3,"{""Fe"": 1.96, ""Zn"": 0.41, ""B"": 0.08, ""Cu"": 0.07, ""Mn"": 0.74}",基施,3516,21,2025-04-01 12:37:48
190,FP190,磷肥一切190,中化集团,磷肥,0,15.8,0,"{""Fe"": 1.18, ""Zn"": 0.75, ""B"": 0.35, ""Cu"": 0.1, ""Mn"": 0.6}",撒施,2038,36,2024-07-26 04:50:58
191,FP191,有机肥能力191,史丹利,有机肥,7.7,18.8,20.8,,基施,3521,27,2025-05-06 19:28:54
192,FP192,磷肥发展192,六国化工,磷肥,0,19.3,0,,撒施,1568,28,2025-02-07 05:50:47
193,FP193,有机肥功能193,云天化,有机肥,7.5,17.3,16.7,,基施,2512,20,2024-12-12 04:27:27
194,FP194,磷肥世界194,中化集团,磷肥,0,13.2,0,,叶面喷施,1881,34,2025-03-18 20:21:28
195,FP195,生物肥虽然195,六国化工,生物肥,23.5,19.5,8.1,"{""Fe"": 1.38, ""Zn"": 0.89, ""B"": 0.02, ""Cu"": 0.28, ""Mn"": 0.99}",滴灌,3684,33,2023-12-30 18:10:41
196,FP196,生物肥文化196,六国化工,生物肥,22.4,18.5,16.8,,条施,3548,22,2024-03-11 19:25:25
197,FP197,钾肥评论197,史丹利,钾肥,0,0,50.4,,基施,2966,30,2024-01-12 03:13:46
198,FP198,磷肥日期198,六国化工,磷肥,0,15.1,0,,条施,1947,27,2024-08-30 03:59:34
199,FP199,钾肥加入199,史丹利,钾肥,0,0,56.6,,基施,3486,22,2024-10-19 08:06:47
200,FP200,微量元素肥国家200,盐湖股份,微量元素肥,14.1,21.0,10.9,"{""Fe"": 0.81, ""Zn"": 0.84, ""B"": 0.35, ""Cu"": 0.16, ""Mn"": 0.71}",滴灌,2977,17,2024-12-10 21:27:45
201,FP201,叶面肥一样201,金正大,叶面肥,18.0,17.5,6.2,"{""Fe"": 0.74, ""Zn"": 0.41, ""B"": 0.44, ""Cu"": 0.09, ""Mn"": 0.27}",滴灌,3241,19,2023-08-18 15:42:16
202,FP202,叶面肥处理202,金正大,叶面肥,17.0,24.6,19.7,,滴灌,3091,27,2024-05-31 18:47:45
203,FP203,有机肥设备203,东海钾肥,有机肥,7.7,12.7,20.9,,冲施,2314,15,2023-06-21 11:32:34
204,FP204,复合肥成功204,东海钾肥,复合肥,8.3,12.4,10.2,"{""Fe"": 0.51, ""Zn"": 0.44, ""B"": 0.17, ""Cu"": 0.13, ""Mn"": 0.94}",基施,3653,14,2024-08-06 11:44:20
205,FP205,叶面肥准备205,中化集团,叶面肥,6.8,24.8,17.6,,基施,2638,31,2024-02-08 09:01:24
206,FP206,叶面肥国内206,云天化,叶面肥,23.8,9.4,19.1,,穴施,2455,12,2025-03-01 16:14:23
207,FP207,复合肥发表207,盐湖股份,复合肥,23.9,15.9,12.5,"{""Fe"": 0.33, ""Zn"": 0.71, ""B"": 0.15, ""Cu"": 0.2, ""Mn"": 0.91}",撒施,2970,12,2023-10-24 18:33:54
208,FP208,叶面肥一切208,东海钾肥,叶面肥,24.9,8.6,8.2,"{""Fe"": 0.66, ""Zn"": 0.59, ""B"": 0.15, ""Cu"": 0.05, ""Mn"": 0.64}",滴灌,3045,30,2023-12-20 23:35:04
209,FP209,生物肥商品209,云天化,生物肥,22.6,7.9,14.9,,撒施,3313,36,2024-01-25 16:27:53
210,FP210,钾肥行业210,东海钾肥,钾肥,0,0,54.7,,冲施,3007,33,2024-11-29 18:14:28
211,FP211,生物肥包括211,盐湖股份,生物肥,13.3,14.2,23.0,,叶面喷施,2336,13,2023-10-15 02:42:14
212,FP212,氮肥还有212,史丹利,氮肥,46.0,0,0,,基施,2584,16,2024-01-27 14:18:19
213,FP213,氮肥方法213,东海钾肥,氮肥,44.7,0,0,,叶面喷施,2572,18,2023-12-27 11:34:44
214,FP214,氮肥直接214,东海钾肥,氮肥,23.1,0,0,"{""Fe"": 1.56, ""Zn"": 0.93, ""B"": 0.29, ""Cu"": 0.05, ""Mn"": 1.4}",滴灌,2644,13,2024-07-28 15:59:13
215,FP215,氮肥的是215,云天化,氮肥,37.1,0,0,,滴灌,2514,15,2024-08-26 16:57:49
216,FP216,叶面肥客户216,东海钾肥,叶面肥,17.9,11.1,11.5,,基施,3707,26,2023-10-14 02:42:56
217,FP217,钾肥也是217,东海钾肥,钾肥,0,0,52.9,"{""Fe"": 1.49, ""Zn"": 0.2, ""B"": 0.26, ""Cu"": 0.25, ""Mn"": 1.38}",冲施,2908,30,2023-12-29 12:23:44
218,FP218,叶面肥显示218,金正大,叶面肥,6.6,10.7,9.7,"{""Fe"": 1.92, ""Zn"": 0.61, ""B"": 0.27, ""Cu"": 0.12, ""Mn"": 1.25}",撒施,2535,12,2025-05-25 07:33:07
219,FP219,有机肥记者219,嘉施利,有机肥,7.9,14.8,24.6,,穴施,3662,36,2024-06-05 06:27:44
220,FP220,磷肥更新220,东海钾肥,磷肥,0,17.3,0,"{""Fe"": 0.32, ""Zn"": 0.12, ""B"": 0.03, ""Cu"": 0.26, ""Mn"": 0.7}",冲施,2093,14,2023-09-18 06:57:36
221,FP221,叶面肥那个221,盐湖股份,叶面肥,10.7,7.2,12.3,"{""Fe"": 0.38, ""Zn"": 0.6, ""B"": 0.39, ""Cu"": 0.29, ""Mn"": 0.28}",冲施,2732,13,2024-10-24 21:09:24
222,FP222,叶面肥直接222,东海钾肥,叶面肥,9.7,9.1,17.5,,冲施,3582,12,2024-05-10 02:39:01
223,FP223,磷肥学校223,嘉施利,磷肥,0,15.3,0,"{""Fe"": 0.31, ""Zn"": 0.22, ""B"": 0.29, ""Cu"": 0.15, ""Mn"": 0.48}",滴灌,2105,33,2025-05-02 23:36:41
224,FP224,叶面肥网络224,中化集团,叶面肥,21.6,10.0,9.2,,条施,3159,12,2023-07-18 18:23:06
225,FP225,有机肥处理225,六国化工,有机肥,10.9,21.4,23.1,,叶面喷施,3451,36,2024-12-23 01:36:41
226,FP226,钾肥使用226,云天化,钾肥,0,0,59.9,,叶面喷施,3496,16,2024-04-15 13:13:15
227,FP227,生物肥为什227,东海钾肥,生物肥,5.6,23.2,10.8,,条施,2294,28,2023-08-27 14:08:21
228,FP228,磷肥就是228,嘉施利,磷肥,0,15.9,0,,条施,2095,31,2024-03-19 04:39:17
229,FP229,磷肥因此229,盐湖股份,磷肥,0,17.3,0,"{""Fe"": 1.07, ""Zn"": 0.92, ""B"": 0.16, ""Cu"": 0.16, ""Mn"": 1.02}",穴施,1766,31,2023-09-21 17:12:31
230,FP230,叶面肥对于230,东海钾肥,叶面肥,22.1,9.1,21.0,,撒施,3503,29,2025-05-13 21:08:05
231,FP231,有机肥本站231,金正大,有机肥,20.9,17.3,16.7,"{""Fe"": 1.97, ""Zn"": 0.74, ""B"": 0.45, ""Cu"": 0.13, ""Mn"": 0.65}",条施,3620,36,2024-10-26 18:09:05
232,FP232,复合肥专业232,金正大,复合肥,9.5,10.0,15.8,"{""Fe"": 0.58, ""Zn"": 0.88, ""B"": 0.42, ""Cu"": 0.25, ""Mn"": 0.58}",冲施,3731,33,2024-01-12 19:27:49
233,FP233,钾肥不会233,嘉施利,钾肥,0,0,43.8,,叶面喷施,3241,24,2025-04-04 02:39:02
234,FP234,复合肥客户234,中化集团,复合肥,13.2,23.1,22.9,,穴施,2654,15,2024-02-06 19:44:57
235,FP235,磷肥手机235,中化集团,磷肥,0,17.5,0,"{""Fe"": 1.85, ""Zn"": 0.16, ""B"": 0.23, ""Cu"": 0.21, ""Mn"": 0.81}",条施,2120,15,2023-06-26 06:08:30
236,FP236,氮肥一起236,六国化工,氮肥,21.8,0,0,,撒施,2686,21,2024-03-10 05:39:24
237,FP237,磷肥感觉237,嘉施利,磷肥,0,17.2,0,"{""Fe"": 1.72, ""Zn"": 0.09, ""B"": 0.44, ""Cu"": 0.03, ""Mn"": 1.24}",穴施,1637,36,2025-05-28 12:29:36
238,FP238,微量元素肥责任238,金正大,微量元素肥,24.0,14.8,12.7,"{""Fe"": 0.8, ""Zn"": 0.16, ""B"": 0.29, ""Cu"": 0.12, ""Mn"": 0.97}",穴施,2874,33,2024-12-20 11:31:41
239,FP239,氮肥特别239,中化集团,氮肥,26.7,0,0,,冲施,2472,19,2024-01-01 17:41:55
240,FP240,有机肥工作240,六国化工,有机肥,15.7,20.3,20.1,"{""Fe"": 0.2, ""Zn"": 0.18, ""B"": 0.25, ""Cu"": 0.27, ""Mn"": 0.8}",条施,2310,31,2024-01-21 00:53:21
241,FP241,复合肥这个241,六国化工,复合肥,9.1,21.0,8.8,,基施,2941,31,2024-12-11 09:56:58
242,FP242,微量元素肥感觉242,盐湖股份,微量元素肥,16.1,16.5,6.5,,基施,3720,26,2024-10-05 13:40:49
243,FP243,氮肥这样243,史丹利,氮肥,34.7,0,0,,滴灌,2373,14,2024-06-24 01:58:58
244,FP244,钾肥选择244,中化集团,钾肥,0,0,46.5,,穴施,2951,25,2025-01-08 15:10:28
245,FP245,生物肥当然245,中化集团,生物肥,5.9,11.9,10.7,"{""Fe"": 1.85, ""Zn"": 0.33, ""B"": 0.14, ""Cu"": 0.2, ""Mn"": 1.47}",叶面喷施,2856,28,2025-01-15 20:31:37
246,FP246,钾肥工作246,东海钾肥,钾肥,0,0,53.9,,基施,3482,29,2023-10-07 05:25:09
247,FP247,复合肥合作247,东海钾肥,复合肥,21.8,12.8,8.7,,基施,2514,18,2024-11-15 22:01:36
248,FP248,生物肥中心248,云天化,生物肥,13.9,15.3,19.7,"{""Fe"": 0.85, ""Zn"": 0.56, ""B"": 0.21, ""Cu"": 0.15, ""Mn"": 1.22}",叶面喷施,2344,19,2024-12-01 17:21:08
249,FP249,微量元素肥帮助249,中化集团,微量元素肥,21.1,16.3,13.4,,撒施,3694,14,2024-09-23 05:39:22
250,FP250,磷肥帖子250,盐湖股份,磷肥,0,19.0,0,,滴灌,1856,23,2023-09-02 08:05:21
251,FP251,微量元素肥直接251,金正大,微量元素肥,12.9,19.1,15.3,"{""Fe"": 0.16, ""Zn"": 0.87, ""B"": 0.18, ""Cu"": 0.29, ""Mn"": 1.07}",撒施,2456,31,2024-08-21 01:22:21
252,FP252,有机肥实现252,盐湖股份,有机肥,7.8,20.3,22.5,,基施,3444,35,2025-04-21 23:41:11
253,FP253,微量元素肥数据253,六国化工,微量元素肥,15.3,20.2,13.9,,冲施,2634,30,2025-03-01 12:54:30
254,FP254,氮肥客户254,中化集团,氮肥,45.8,0,0,,穴施,2791,14,2024-10-03 06:02:31
255,FP255,叶面肥电子255,中化集团,叶面肥,11.4,21.5,22.1,,滴灌,2288,21,2024-11-27 08:34:48
256,FP256,叶面肥文件256,嘉施利,叶面肥,22.8,17.0,18.3,"{""Fe"": 1.58, ""Zn"": 0.43, ""B"": 0.48, ""Cu"": 0.12, ""Mn"": 1.15}",基施,3219,27,2025-03-18 08:06:43
257,FP257,微量元素肥最后257,中化集团,微量元素肥,14.6,16.2,8.5,"{""Fe"": 1.45, ""Zn"": 0.69, ""B"": 0.45, ""Cu"": 0.27, ""Mn"": 0.59}",冲施,2473,32,2024-12-19 07:50:21
258,FP258,有机肥销售258,中化集团,有机肥,12.1,12.6,5.8,"{""Fe"": 0.94, ""Zn"": 0.39, ""B"": 0.24, ""Cu"": 0.15, ""Mn"": 0.75}",穴施,2677,29,2024-05-03 16:03:35
259,FP259,有机肥服务259,六国化工,有机肥,8.7,5.4,18.3,"{""Fe"": 1.33, ""Zn"": 0.46, ""B"": 0.44, ""Cu"": 0.19, ""Mn"": 0.11}",基施,3588,23,2024-10-14 14:00:25
260,FP260,微量元素肥生活260,云天化,微量元素肥,7.7,9.9,8.6,,条施,3617,21,2024-05-18 15:54:05
261,FP261,复合肥增加261,史丹利,复合肥,18.2,21.0,13.4,"{""Fe"": 1.4, ""Zn"": 0.17, ""B"": 0.42, ""Cu"": 0.09, ""Mn"": 0.74}",冲施,3289,36,2024-07-11 05:31:55
262,FP262,复合肥作为262,盐湖股份,复合肥,20.0,13.9,6.6,,基施,3230,32,2025-04-05 20:26:16
263,FP263,复合肥工程263,东海钾肥,复合肥,20.3,15.2,15.9,"{""Fe"": 0.71, ""Zn"": 0.12, ""B"": 0.31, ""Cu"": 0.04, ""Mn"": 1.35}",滴灌,2781,30,2023-07-15 06:13:54
264,FP264,钾肥自己264,东海钾肥,钾肥,0,0,44.4,,穴施,3022,36,2025-01-02 05:12:47
265,FP265,钾肥显示265,金正大,钾肥,0,0,49.1,,条施,2835,33,2025-02-19 20:11:07
266,FP266,微量元素肥之后266,东海钾肥,微量元素肥,13.7,22.1,22.2,"{""Fe"": 0.71, ""Zn"": 0.07, ""B"": 0.48, ""Cu"": 0.27, ""Mn"": 0.2}",滴灌,3497,22,2024-08-22 19:32:00
267,FP267,微量元素肥喜欢267,嘉施利,微量元素肥,24.9,14.2,11.3,,条施,3056,31,2024-01-29 05:58:22
268,FP268,叶面肥出现268,嘉施利,叶面肥,8.9,22.0,7.3,"{""Fe"": 0.4, ""Zn"": 0.14, ""B"": 0.23, ""Cu"": 0.16, ""Mn"": 1.02}",条施,2464,35,2024-08-08 02:18:35
269,FP269,复合肥其他269,中化集团,复合肥,10.1,13.7,11.3,,基施,2212,21,2024-02-17 08:41:27
270,FP270,钾肥品牌270,云天化,钾肥,0,0,61.5,"{""Fe"": 0.45, ""Zn"": 0.87, ""B"": 0.2, ""Cu"": 0.19, ""Mn"": 0.99}",叶面喷施,2947,16,2024-11-08 22:53:59
271,FP271,氮肥手机271,云天化,氮肥,29.8,0,0,"{""Fe"": 1.5, ""Zn"": 0.66, ""B"": 0.05, ""Cu"": 0.09, ""Mn"": 1.4}",叶面喷施,2753,36,2023-08-11 19:28:15
272,FP272,钾肥具有272,金正大,钾肥,0,0,64.2,"{""Fe"": 0.34, ""Zn"": 0.79, ""B"": 0.18, ""Cu"": 0.21, ""Mn"": 1.0}",撒施,3151,22,2025-01-27 02:00:31
273,FP273,叶面肥主要273,史丹利,叶面肥,11.5,18.4,21.7,"{""Fe"": 0.15, ""Zn"": 0.5, ""B"": 0.09, ""Cu"": 0.3, ""Mn"": 1.17}",条施,3773,18,2025-02-14 20:10:58
274,FP274,微量元素肥以及274,中化集团,微量元素肥,6.9,18.2,8.7,,基施,3787,36,2023-10-07 02:10:45
275,FP275,氮肥积分275,史丹利,氮肥,27.2,0,0,,基施,2772,16,2024-08-23 17:03:07
276,FP276,复合肥报告276,云天化,复合肥,16.9,10.2,16.1,,穴施,3647,32,2024-12-01 20:41:02
277,FP277,氮肥结果277,中化集团,氮肥,38.4,0,0,"{""Fe"": 1.84, ""Zn"": 0.53, ""B"": 0.45, ""Cu"": 0.04, ""Mn"": 0.3}",叶面喷施,2090,20,2024-09-27 22:23:03
278,FP278,生物肥开发278,东海钾肥,生物肥,10.6,15.0,6.8,"{""Fe"": 0.73, ""Zn"": 0.18, ""B"": 0.34, ""Cu"": 0.24, ""Mn"": 0.27}",撒施,2290,20,2024-10-03 23:15:27
279,FP279,复合肥继续279,东海钾肥,复合肥,19.4,10.6,25.0,,叶面喷施,3628,16,2024-04-02 13:46:23
280,FP280,有机肥留言280,六国化工,有机肥,16.6,19.6,24.2,"{""Fe"": 0.32, ""Zn"": 0.59, ""B"": 0.46, ""Cu"": 0.02, ""Mn"": 1.39}",穴施,3612,30,2024-09-26 10:40:12
281,FP281,复合肥到了281,金正大,复合肥,20.5,16.6,10.1,,穴施,3318,15,2023-07-29 20:32:52
282,FP282,氮肥人员282,盐湖股份,氮肥,42.4,0,0,"{""Fe"": 1.47, ""Zn"": 0.37, ""B"": 0.21, ""Cu"": 0.05, ""Mn"": 1.36}",撒施,2658,28,2024-10-22 09:34:51
283,FP283,复合肥生产283,中化集团,复合肥,12.6,21.1,8.1,,撒施,3690,27,2023-10-11 19:24:18
284,FP284,钾肥不会284,盐湖股份,钾肥,0,0,45.4,,冲施,2839,23,2024-06-25 09:51:08
285,FP285,氮肥功能285,云天化,氮肥,21.9,0,0,,叶面喷施,2752,32,2025-05-21 04:21:10
286,FP286,复合肥以上286,六国化工,复合肥,8.8,23.4,22.6,"{""Fe"": 0.18, ""Zn"": 0.12, ""B"": 0.08, ""Cu"": 0.1, ""Mn"": 0.44}",基施,3648,23,2025-05-30 01:28:38
287,FP287,复合肥具有287,盐湖股份,复合肥,16.6,17.7,10.7,"{""Fe"": 0.55, ""Zn"": 0.92, ""B"": 0.31, ""Cu"": 0.02, ""Mn"": 1.09}",穴施,2363,30,2024-02-13 13:18:32
288,FP288,微量元素肥下载288,嘉施利,微量元素肥,7.4,19.8,5.8,"{""Fe"": 1.2, ""Zn"": 0.86, ""B"": 0.3, ""Cu"": 0.04, ""Mn"": 1.39}",撒施,2383,34,2023-09-01 11:48:55
289,FP289,微量元素肥技术289,六国化工,微量元素肥,12.0,22.0,20.1,"{""Fe"": 1.81, ""Zn"": 0.96, ""B"": 0.11, ""Cu"": 0.08, ""Mn"": 0.9}",基施,2711,22,2025-03-14 10:57:25
290,FP290,氮肥管理290,盐湖股份,氮肥,24.1,0,0,,撒施,2625,18,2023-11-12 11:38:49
291,FP291,微量元素肥如果291,六国化工,微量元素肥,21.9,18.8,17.8,"{""Fe"": 0.17, ""Zn"": 0.18, ""B"": 0.19, ""Cu"": 0.3, ""Mn"": 1.36}",叶面喷施,3105,14,2024-08-05 11:41:23
292,FP292,钾肥图片292,史丹利,钾肥,0,0,48.9,,撒施,3242,21,2023-10-12 09:16:09
293,FP293,氮肥提供293,金正大,氮肥,26.1,0,0,,穴施,2382,35,2024-01-27 01:42:18
294,FP294,复合肥还有294,盐湖股份,复合肥,17.6,11.0,16.5,,滴灌,3721,12,2024-07-31 13:03:31
295,FP295,生物肥一次295,盐湖股份,生物肥,16.9,5.5,12.8,,滴灌,2878,29,2025-04-23 10:17:26
296,FP296,叶面肥的是296,盐湖股份,叶面肥,22.9,24.0,6.9,"{""Fe"": 1.43, ""Zn"": 0.83, ""B"": 0.49, ""Cu"": 0.29, ""Mn"": 0.83}",叶面喷施,2526,23,2023-10-22 22:09:29
297,FP297,氮肥为什297,盐湖股份,氮肥,23.4,0,0,,滴灌,2253,30,2025-02-16 14:20:44
298,FP298,叶面肥东西298,金正大,叶面肥,23.9,18.7,8.2,"{""Fe"": 1.65, ""Zn"": 0.52, ""B"": 0.32, ""Cu"": 0.22, ""Mn"": 0.29}",滴灌,2606,22,2023-11-08 03:27:16
299,FP299,生物肥所以299,史丹利,生物肥,11.4,14.4,9.7,,条施,2724,28,2025-06-10 21:23:31
300,FP300,叶面肥是否300,金正大,叶面肥,9.6,23.9,8.9,"{""Fe"": 1.21, ""Zn"": 0.4, ""B"": 0.22, ""Cu"": 0.2, ""Mn"": 0.17}",条施,3128,33,2023-07-07 12:16:44
301,FP301,叶面肥主题301,金正大,叶面肥,19.4,9.9,13.3,,冲施,3225,15,2023-06-18 13:53:49
302,FP302,钾肥留言302,六国化工,钾肥,0,0,50.7,,叶面喷施,3409,12,2025-03-01 04:11:25
303,FP303,有机肥推荐303,中化集团,有机肥,12.8,6.7,22.7,,冲施,3270,33,2024-10-24 03:44:27
304,FP304,复合肥人员304,六国化工,复合肥,13.1,13.8,12.4,,冲施,2683,30,2025-01-02 22:50:28
305,FP305,有机肥以及305,史丹利,有机肥,18.9,5.0,20.3,"{""Fe"": 0.35, ""Zn"": 0.83, ""B"": 0.5, ""Cu"": 0.29, ""Mn"": 0.47}",基施,2319,14,2024-07-29 01:35:43
306,FP306,生物肥你们306,金正大,生物肥,6.9,17.9,10.2,"{""Fe"": 0.6, ""Zn"": 0.99, ""B"": 0.31, ""Cu"": 0.18, ""Mn"": 0.49}",叶面喷施,2833,35,2023-09-27 21:48:54
307,FP307,钾肥现在307,云天化,钾肥,0,0,40.5,,撒施,3204,27,2023-12-29 19:51:18
308,FP308,叶面肥一般308,中化集团,叶面肥,5.9,12.7,16.7,,滴灌,3273,13,2024-12-25 14:48:46
309,FP309,磷肥行业309,史丹利,磷肥,0,19.2,0,"{""Fe"": 1.55, ""Zn"": 0.85, ""B"": 0.12, ""Cu"": 0.13, ""Mn"": 0.23}",冲施,1697,33,2023-10-14 08:23:48
310,FP310,复合肥出现310,史丹利,复合肥,16.6,14.1,16.0,"{""Fe"": 0.77, ""Zn"": 0.68, ""B"": 0.41, ""Cu"": 0.17, ""Mn"": 1.28}",叶面喷施,3517,27,2024-06-08 18:36:58
311,FP311,微量元素肥进入311,中化集团,微量元素肥,22.7,14.9,16.0,"{""Fe"": 1.21, ""Zn"": 0.22, ""B"": 0.48, ""Cu"": 0.22, ""Mn"": 1.04}",叶面喷施,3167,17,2023-07-23 20:47:01
312,FP312,钾肥因此312,金正大,钾肥,0,0,55.1,"{""Fe"": 1.14, ""Zn"": 0.3, ""B"": 0.16, ""Cu"": 0.08, ""Mn"": 0.79}",滴灌,2840,35,2024-09-27 13:49:52
313,FP313,磷肥任何313,盐湖股份,磷肥,0,19.8,0,"{""Fe"": 1.87, ""Zn"": 0.68, ""B"": 0.19, ""Cu"": 0.1, ""Mn"": 0.45}",冲施,1647,31,2023-12-08 13:22:53
314,FP314,钾肥等级314,云天化,钾肥,0,0,55.1,,条施,2913,35,2025-05-23 22:42:33
315,FP315,氮肥业务315,盐湖股份,氮肥,23.5,0,0,,条施,2316,30,2023-12-25 13:20:15
316,FP316,有机肥价格316,中化集团,有机肥,23.0,16.7,9.7,,条施,2360,12,2024-10-22 06:14:51
317,FP317,微量元素肥日期317,中化集团,微量元素肥,6.1,11.7,21.6,"{""Fe"": 0.7, ""Zn"": 0.75, ""B"": 0.18, ""Cu"": 0.12, ""Mn"": 0.72}",穴施,2700,36,2025-05-11 03:35:58
318,FP318,钾肥业务318,金正大,钾肥,0,0,61.8,,穴施,3057,33,2025-03-16 02:11:37
319,FP319,磷肥只是319,六国化工,磷肥,0,13.4,0,,冲施,1769,25,2024-04-09 07:39:19
320,FP320,氮肥以后320,嘉施利,氮肥,32.3,0,0,"{""Fe"": 0.63, ""Zn"": 0.56, ""B"": 0.26, ""Cu"": 0.22, ""Mn"": 0.7}",叶面喷施,2332,30,2023-09-19 13:55:45
321,FP321,生物肥之后321,东海钾肥,生物肥,16.6,24.2,10.7,"{""Fe"": 1.1, ""Zn"": 0.06, ""B"": 0.43, ""Cu"": 0.1, ""Mn"": 0.98}",叶面喷施,2483,25,2023-08-03 22:14:36
322,FP322,生物肥密码322,六国化工,生物肥,15.9,21.6,21.2,,叶面喷施,3691,25,2024-12-06 09:56:33
323,FP323,磷肥方式323,中化集团,磷肥,0,16.4,0,,撒施,1835,36,2024-11-22 08:14:39
324,FP324,氮肥报告324,六国化工,氮肥,44.9,0,0,"{""Fe"": 1.32, ""Zn"": 0.36, ""B"": 0.27, ""Cu"": 0.22, ""Mn"": 1.35}",撒施,2351,30,2025-01-01 03:42:11
325,FP325,磷肥之间325,云天化,磷肥,0,14.2,0,"{""Fe"": 1.43, ""Zn"": 0.17, ""B"": 0.43, ""Cu"": 0.24, ""Mn"": 0.74}",撒施,1927,18,2025-05-06 23:24:56
326,FP326,微量元素肥得到326,中化集团,微量元素肥,20.2,24.4,11.3,"{""Fe"": 1.74, ""Zn"": 0.57, ""B"": 0.2, ""Cu"": 0.07, ""Mn"": 0.14}",叶面喷施,2590,30,2024-10-20 14:54:24
327,FP327,磷肥原因327,六国化工,磷肥,0,17.3,0,,基施,1768,19,2024-03-28 11:12:47
328,FP328,磷肥完全328,云天化,磷肥,0,19.5,0,"{""Fe"": 0.57, ""Zn"": 0.74, ""B"": 0.4, ""Cu"": 0.17, ""Mn"": 1.42}",冲施,2158,24,2025-06-05 06:28:41
329,FP329,生物肥一切329,盐湖股份,生物肥,24.2,13.4,16.5,"{""Fe"": 1.84, ""Zn"": 0.74, ""B"": 0.43, ""Cu"": 0.27, ""Mn"": 0.33}",滴灌,2473,36,2023-06-29 00:40:48
330,FP330,氮肥投资330,六国化工,氮肥,36.6,0,0,,条施,2180,19,2025-06-02 19:29:17
331,FP331,氮肥今天331,六国化工,氮肥,29.7,0,0,,穴施,2013,31,2024-10-14 22:48:26
332,FP332,生物肥组织332,中化集团,生物肥,7.3,10.0,12.2,"{""Fe"": 0.58, ""Zn"": 0.69, ""B"": 0.21, ""Cu"": 0.17, ""Mn"": 0.58}",条施,3397,31,2024-05-02 07:10:10
333,FP333,复合肥根据333,中化集团,复合肥,18.2,9.5,6.8,"{""Fe"": 0.91, ""Zn"": 0.34, ""B"": 0.41, ""Cu"": 0.24, ""Mn"": 1.42}",撒施,2545,32,2023-08-12 15:46:08
334,FP334,有机肥报告334,六国化工,有机肥,23.8,16.8,20.4,"{""Fe"": 1.89, ""Zn"": 0.9, ""B"": 0.35, ""Cu"": 0.27, ""Mn"": 0.13}",撒施,2648,24,2023-11-01 06:26:48
335,FP335,钾肥音乐335,中化集团,钾肥,0,0,41.8,,基施,3156,22,2023-06-26 09:42:57
336,FP336,有机肥今天336,中化集团,有机肥,21.5,7.3,10.6,"{""Fe"": 1.14, ""Zn"": 0.2, ""B"": 0.09, ""Cu"": 0.23, ""Mn"": 1.32}",冲施,3756,32,2024-04-30 07:19:23
337,FP337,复合肥更新337,史丹利,复合肥,17.6,22.3,22.3,,叶面喷施,2352,29,2024-12-11 11:51:51
338,FP338,氮肥我的338,嘉施利,氮肥,31.3,0,0,,撒施,2518,21,2024-06-12 15:05:55
339,FP339,微量元素肥学生339,六国化工,微量元素肥,15.9,24.8,10.9,,条施,2311,28,2024-01-14 08:02:18
340,FP340,微量元素肥喜欢340,嘉施利,微量元素肥,24.0,18.8,15.0,"{""Fe"": 0.67, ""Zn"": 0.81, ""B"": 0.19, ""Cu"": 0.04, ""Mn"": 0.7}",基施,2420,20,2024-03-19 20:09:13
341,FP341,钾肥也是341,盐湖股份,钾肥,0,0,63.2,"{""Fe"": 1.4, ""Zn"": 0.82, ""B"": 0.15, ""Cu"": 0.16, ""Mn"": 0.97}",撒施,3417,20,2024-04-11 13:35:06
342,FP342,生物肥开发342,中化集团,生物肥,16.2,8.2,8.4,,条施,3046,32,2025-05-10 14:48:09
343,FP343,磷肥各种343,云天化,磷肥,0,17.2,0,"{""Fe"": 0.15, ""Zn"": 0.27, ""B"": 0.08, ""Cu"": 0.23, ""Mn"": 0.77}",穴施,1860,19,2025-05-21 15:01:41
344,FP344,钾肥标准344,云天化,钾肥,0,0,47.8,,冲施,2874,23,2025-05-22 21:33:09
345,FP345,微量元素肥以及345,盐湖股份,微量元素肥,23.5,13.5,5.2,,撒施,2311,32,2025-01-21 03:52:13
346,FP346,生物肥喜欢346,中化集团,生物肥,18.6,20.3,9.7,"{""Fe"": 0.99, ""Zn"": 0.56, ""B"": 0.4, ""Cu"": 0.27, ""Mn"": 1.31}",条施,2886,33,2024-06-03 03:20:04
347,FP347,氮肥市场347,六国化工,氮肥,30.6,0,0,,撒施,2632,24,2023-09-12 04:40:54
348,FP348,磷肥社会348,六国化工,磷肥,0,17.3,0,"{""Fe"": 0.36, ""Zn"": 0.84, ""B"": 0.45, ""Cu"": 0.21, ""Mn"": 0.64}",穴施,1759,32,2024-01-04 11:58:46
349,FP349,钾肥一些349,嘉施利,钾肥,0,0,43.5,,冲施,2845,32,2025-04-20 03:26:15
350,FP350,有机肥技术350,云天化,有机肥,6.3,10.2,18.9,"{""Fe"": 0.41, ""Zn"": 0.43, ""B"": 0.04, ""Cu"": 0.08, ""Mn"": 1.36}",条施,3204,29,2023-09-07 15:39:19
351,FP351,氮肥显示351,六国化工,氮肥,40.6,0,0,"{""Fe"": 1.97, ""Zn"": 0.73, ""B"": 0.13, ""Cu"": 0.25, ""Mn"": 0.97}",基施,2290,29,2025-03-15 07:50:14
352,FP352,复合肥活动352,嘉施利,复合肥,24.9,8.8,11.1,,条施,2707,36,2023-09-17 00:18:35
353,FP353,有机肥参加353,嘉施利,有机肥,21.2,6.5,15.1,,叶面喷施,3299,28,2024-03-27 10:49:59
354,FP354,复合肥看到354,史丹利,复合肥,11.2,6.5,5.1,,基施,3138,36,2024-01-19 20:40:38
355,FP355,微量元素肥的是355,东海钾肥,微量元素肥,9.4,23.7,15.7,"{""Fe"": 1.04, ""Zn"": 0.9, ""B"": 0.32, ""Cu"": 0.1, ""Mn"": 1.28}",穴施,2854,19,2024-05-23 07:29:40
356,FP356,微量元素肥认为356,六国化工,微量元素肥,19.8,23.9,20.8,,冲施,2932,27,2025-03-07 06:53:34
357,FP357,复合肥过程357,史丹利,复合肥,22.3,16.9,24.3,"{""Fe"": 0.83, ""Zn"": 0.36, ""B"": 0.28, ""Cu"": 0.23, ""Mn"": 0.86}",滴灌,2815,36,2023-09-18 00:27:51
358,FP358,氮肥中文358,中化集团,氮肥,23.0,0,0,"{""Fe"": 1.19, ""Zn"": 0.13, ""B"": 0.23, ""Cu"": 0.07, ""Mn"": 0.42}",基施,2415,25,2025-05-26 17:02:48
359,FP359,氮肥网络359,云天化,氮肥,40.1,0,0,"{""Fe"": 1.17, ""Zn"": 0.69, ""B"": 0.19, ""Cu"": 0.17, ""Mn"": 0.3}",条施,2684,20,2025-01-20 04:46:04
360,FP360,叶面肥这种360,东海钾肥,叶面肥,10.4,8.9,8.7,,穴施,3131,26,2023-12-22 03:31:29
361,FP361,微量元素肥组织361,盐湖股份,微量元素肥,18.8,19.3,7.2,,穴施,3679,35,2025-02-06 17:24:54
362,FP362,磷肥完成362,嘉施利,磷肥,0,12.9,0,,基施,2088,29,2024-09-10 07:29:15
363,FP363,有机肥是否363,云天化,有机肥,8.0,15.2,21.3,,撒施,2293,24,2024-05-14 04:56:32
364,FP364,有机肥专业364,嘉施利,有机肥,6.1,6.1,17.7,"{""Fe"": 0.63, ""Zn"": 0.27, ""B"": 0.16, ""Cu"": 0.14, ""Mn"": 1.04}",冲施,3142,31,2025-02-06 22:45:56
365,FP365,生物肥相关365,中化集团,生物肥,12.7,15.9,5.1,,穴施,2769,33,2023-09-26 23:10:13
366,FP366,氮肥因此366,中化集团,氮肥,43.9,0,0,,叶面喷施,2210,27,2024-12-05 02:51:41
367,FP367,叶面肥搜索367,六国化工,叶面肥,7.2,8.5,17.0,,滴灌,3626,29,2025-03-26 03:21:12
368,FP368,微量元素肥软件368,史丹利,微量元素肥,21.0,21.4,21.8,,滴灌,2317,29,2024-02-24 13:10:51
369,FP369,有机肥是否369,中化集团,有机肥,20.6,5.5,14.6,"{""Fe"": 0.33, ""Zn"": 0.52, ""B"": 0.47, ""Cu"": 0.08, ""Mn"": 0.33}",叶面喷施,3087,14,2024-12-19 02:30:00
370,FP370,磷肥如此370,嘉施利,磷肥,0,12.0,0,,冲施,1933,32,2024-01-18 14:27:49
371,FP371,微量元素肥产品371,嘉施利,微量元素肥,23.6,18.0,11.8,,穴施,3151,16,2025-03-11 20:35:33
372,FP372,生物肥应该372,盐湖股份,生物肥,13.5,13.9,17.9,,冲施,3521,33,2024-12-20 22:59:50
373,FP373,有机肥不是373,金正大,有机肥,16.6,23.5,7.1,,滴灌,2424,31,2023-08-19 03:07:58
374,FP374,钾肥现在374,盐湖股份,钾肥,0,0,46.0,"{""Fe"": 0.78, ""Zn"": 0.88, ""B"": 0.36, ""Cu"": 0.24, ""Mn"": 1.34}",撒施,3143,18,2023-12-24 10:46:17
375,FP375,有机肥一切375,盐湖股份,有机肥,24.1,7.8,16.4,"{""Fe"": 1.29, ""Zn"": 0.13, ""B"": 0.27, ""Cu"": 0.11, ""Mn"": 0.23}",叶面喷施,2797,28,2024-01-05 01:49:21
376,FP376,生物肥一定376,六国化工,生物肥,9.5,9.4,11.9,,穴施,3592,30,2024-11-17 20:25:15
377,FP377,氮肥欢迎377,盐湖股份,氮肥,23.4,0,0,"{""Fe"": 0.74, ""Zn"": 0.63, ""B"": 0.09, ""Cu"": 0.28, ""Mn"": 1.01}",冲施,2369,32,2024-04-04 01:16:55
378,FP378,氮肥新闻378,盐湖股份,氮肥,41.8,0,0,,条施,2562,35,2023-10-25 20:25:06
379,FP379,叶面肥联系379,盐湖股份,叶面肥,7.2,7.3,16.1,,冲施,3710,30,2024-10-31 13:49:02
380,FP380,复合肥免费380,东海钾肥,复合肥,11.7,16.1,21.3,"{""Fe"": 0.87, ""Zn"": 0.83, ""B"": 0.09, ""Cu"": 0.26, ""Mn"": 0.81}",滴灌,2241,33,2024-05-27 07:14:42
381,FP381,复合肥商品381,嘉施利,复合肥,24.5,21.0,5.2,,基施,2857,31,2025-05-07 13:20:54
382,FP382,氮肥或者382,史丹利,氮肥,20.7,0,0,"{""Fe"": 1.56, ""Zn"": 0.35, ""B"": 0.38, ""Cu"": 0.11, ""Mn"": 0.57}",冲施,2423,15,2024-01-19 03:40:10
383,FP383,生物肥那么383,金正大,生物肥,6.5,17.2,19.7,"{""Fe"": 1.47, ""Zn"": 0.09, ""B"": 0.15, ""Cu"": 0.24, ""Mn"": 0.87}",条施,3232,31,2024-12-09 19:24:02
384,FP384,叶面肥经营384,东海钾肥,叶面肥,19.4,16.7,13.1,,撒施,3624,14,2025-05-10 01:12:23
385,FP385,叶面肥认为385,六国化工,叶面肥,10.1,9.9,11.7,,穴施,2630,23,2024-12-27 15:02:16
386,FP386,磷肥运行386,六国化工,磷肥,0,18.1,0,"{""Fe"": 1.75, ""Zn"": 0.17, ""B"": 0.11, ""Cu"": 0.02, ""Mn"": 0.65}",穴施,1861,22,2023-10-31 18:27:45
387,FP387,钾肥欢迎387,中化集团,钾肥,0,0,50.7,"{""Fe"": 0.53, ""Zn"": 0.06, ""B"": 0.49, ""Cu"": 0.15, ""Mn"": 1.33}",撒施,3446,13,2024-07-25 16:43:28
388,FP388,有机肥原因388,中化集团,有机肥,19.4,20.5,14.2,,叶面喷施,2800,19,2024-12-08 22:17:20
389,FP389,钾肥其中389,盐湖股份,钾肥,0,0,45.3,,叶面喷施,3027,18,2025-02-05 11:37:03
390,FP390,复合肥其他390,盐湖股份,复合肥,19.8,18.4,9.8,,条施,3541,28,2024-02-13 23:02:38
391,FP391,钾肥其中391,嘉施利,钾肥,0,0,53.7,,滴灌,3439,22,2024-10-30 19:01:47
392,FP392,微量元素肥威望392,嘉施利,微量元素肥,16.9,17.1,24.9,"{""Fe"": 1.53, ""Zn"": 0.84, ""B"": 0.16, ""Cu"": 0.28, ""Mn"": 0.18}",撒施,3641,17,2024-11-30 15:08:01
393,FP393,钾肥企业393,金正大,钾肥,0,0,59.6,,撒施,3240,23,2023-06-20 11:47:56
394,FP394,氮肥也是394,嘉施利,氮肥,26.6,0,0,"{""Fe"": 1.97, ""Zn"": 0.59, ""B"": 0.08, ""Cu"": 0.09, ""Mn"": 0.43}",穴施,2713,36,2024-07-05 15:07:03
395,FP395,生物肥能力395,盐湖股份,生物肥,17.3,7.8,9.6,"{""Fe"": 0.16, ""Zn"": 0.85, ""B"": 0.33, ""Cu"": 0.16, ""Mn"": 1.36}",撒施,3580,16,2023-09-15 01:47:34
396,FP396,有机肥市场396,嘉施利,有机肥,16.6,20.6,9.9,,撒施,3548,25,2024-06-20 20:57:57
397,FP397,钾肥他的397,盐湖股份,钾肥,0,0,48.7,,滴灌,3499,36,2024-02-16 06:41:36
398,FP398,复合肥因为398,金正大,复合肥,12.5,14.9,20.4,,条施,3642,17,2024-01-15 19:22:16
399,FP399,叶面肥一次399,中化集团,叶面肥,5.2,22.3,9.9,,撒施,3084,23,2023-10-16 10:53:12
400,FP400,氮肥企业400,史丹利,氮肥,25.5,0,0,,滴灌,2506,16,2023-12-04 08:30:04
401,FP401,复合肥开发401,盐湖股份,复合肥,10.9,6.7,24.0,,叶面喷施,2933,22,2023-09-28 06:30:04
402,FP402,氮肥这些402,云天化,氮肥,34.8,0,0,,冲施,2430,35,2024-03-16 06:13:03
403,FP403,磷肥电脑403,六国化工,磷肥,0,15.2,0,,条施,2195,35,2024-01-16 11:41:39
404,FP404,微量元素肥您的404,金正大,微量元素肥,16.0,5.6,7.2,"{""Fe"": 0.62, ""Zn"": 0.91, ""B"": 0.06, ""Cu"": 0.06, ""Mn"": 0.59}",条施,3664,19,2024-05-27 01:07:14
405,FP405,氮肥当前405,东海钾肥,氮肥,29.4,0,0,"{""Fe"": 0.84, ""Zn"": 0.52, ""B"": 0.36, ""Cu"": 0.03, ""Mn"": 0.39}",滴灌,2705,25,2024-08-03 15:12:43
406,FP406,生物肥功能406,中化集团,生物肥,7.7,23.3,13.5,,撒施,2602,29,2023-10-09 02:45:28
407,FP407,氮肥可能407,东海钾肥,氮肥,34.1,0,0,,穴施,2316,22,2023-12-04 22:46:35
408,FP408,微量元素肥如何408,史丹利,微量元素肥,6.6,18.4,7.2,,穴施,2678,35,2023-12-31 08:16:14
409,FP409,微量元素肥阅读409,东海钾肥,微量元素肥,19.2,13.6,13.7,"{""Fe"": 1.96, ""Zn"": 0.96, ""B"": 0.1, ""Cu"": 0.25, ""Mn"": 0.85}",穴施,2966,22,2025-02-13 05:15:36
410,FP410,钾肥浏览410,盐湖股份,钾肥,0,0,47.9,"{""Fe"": 0.67, ""Zn"": 0.87, ""B"": 0.21, ""Cu"": 0.05, ""Mn"": 1.08}",冲施,2808,31,2024-04-26 10:41:49
411,FP411,叶面肥论坛411,六国化工,叶面肥,13.8,11.8,21.3,,条施,3670,27,2025-02-10 13:52:59
412,FP412,氮肥各种412,云天化,氮肥,36.9,0,0,,冲施,2029,26,2025-04-12 22:18:27
413,FP413,磷肥电话413,东海钾肥,磷肥,0,19.2,0,"{""Fe"": 1.87, ""Zn"": 0.48, ""B"": 0.25, ""Cu"": 0.14, ""Mn"": 1.44}",穴施,1564,26,2024-06-19 19:10:17
414,FP414,氮肥学生414,六国化工,氮肥,24.9,0,0,"{""Fe"": 1.98, ""Zn"": 0.95, ""B"": 0.45, ""Cu"": 0.08, ""Mn"": 0.53}",叶面喷施,2498,35,2025-05-26 13:30:00
415,FP415,复合肥更新415,盐湖股份,复合肥,6.0,20.9,11.2,,滴灌,2819,18,2024-10-29 05:11:14
416,FP416,微量元素肥类型416,六国化工,微量元素肥,9.4,15.8,23.0,,条施,2348,25,2024-06-10 05:58:27
417,FP417,氮肥相关417,金正大,氮肥,49.5,0,0,"{""Fe"": 1.17, ""Zn"": 0.68, ""B"": 0.12, ""Cu"": 0.25, ""Mn"": 0.34}",穴施,2764,32,2025-04-03 08:53:17
418,FP418,有机肥一般418,嘉施利,有机肥,14.8,15.9,22.8,"{""Fe"": 0.37, ""Zn"": 0.84, ""B"": 0.43, ""Cu"": 0.19, ""Mn"": 0.47}",穴施,3216,28,2023-07-16 15:27:18
419,FP419,生物肥大小419,云天化,生物肥,20.1,19.7,6.5,,叶面喷施,2717,29,2024-04-18 05:36:59
420,FP420,钾肥规定420,史丹利,钾肥,0,0,48.8,,冲施,3297,16,2024-09-01 13:07:22
421,FP421,钾肥同时421,中化集团,钾肥,0,0,52.7,"{""Fe"": 1.21, ""Zn"": 0.96, ""B"": 0.24, ""Cu"": 0.09, ""Mn"": 0.17}",叶面喷施,3279,36,2023-07-03 19:06:38
422,FP422,氮肥详细422,六国化工,氮肥,25.0,0,0,,滴灌,2500,19,2024-08-07 05:58:39
423,FP423,叶面肥中国423,嘉施利,叶面肥,14.2,23.6,22.1,,叶面喷施,3066,36,2024-11-21 19:52:04
424,FP424,氮肥计划424,六国化工,氮肥,44.2,0,0,"{""Fe"": 0.5, ""Zn"": 0.92, ""B"": 0.02, ""Cu"": 0.1, ""Mn"": 1.46}",条施,2626,16,2024-09-13 19:17:59
425,FP425,微量元素肥安全425,云天化,微量元素肥,22.4,7.9,23.1,"{""Fe"": 1.94, ""Zn"": 0.41, ""B"": 0.36, ""Cu"": 0.09, ""Mn"": 0.31}",穴施,2221,21,2024-08-08 07:17:14
426,FP426,钾肥密码426,中化集团,钾肥,0,0,45.9,,冲施,3285,18,2023-11-21 18:20:29
427,FP427,钾肥系统427,盐湖股份,钾肥,0,0,40.1,"{""Fe"": 1.45, ""Zn"": 0.94, ""B"": 0.4, ""Cu"": 0.07, ""Mn"": 0.46}",冲施,2862,26,2023-10-25 12:27:38
428,FP428,叶面肥解决428,中化集团,叶面肥,5.0,8.5,9.5,,冲施,2784,26,2024-01-08 07:48:06
429,FP429,叶面肥论坛429,云天化,叶面肥,13.2,21.7,6.8,,叶面喷施,3131,34,2023-09-23 03:12:16
430,FP430,磷肥到了430,金正大,磷肥,0,18.8,0,"{""Fe"": 1.99, ""Zn"": 0.66, ""B"": 0.21, ""Cu"": 0.25, ""Mn"": 1.01}",叶面喷施,1667,22,2025-05-24 13:10:05
431,FP431,有机肥活动431,云天化,有机肥,14.4,6.1,9.2,"{""Fe"": 0.46, ""Zn"": 0.18, ""B"": 0.29, ""Cu"": 0.07, ""Mn"": 1.08}",滴灌,3017,21,2023-10-14 18:06:24
432,FP432,磷肥一点432,金正大,磷肥,0,14.6,0,,叶面喷施,2024,21,2024-10-05 11:23:53
433,FP433,磷肥部分433,东海钾肥,磷肥,0,18.1,0,"{""Fe"": 0.52, ""Zn"": 0.15, ""B"": 0.05, ""Cu"": 0.29, ""Mn"": 0.7}",撒施,2061,28,2023-08-29 14:14:08
434,FP434,有机肥使用434,金正大,有机肥,9.2,11.1,23.1,,条施,2599,12,2023-11-14 22:40:14
435,FP435,有机肥更新435,东海钾肥,有机肥,14.4,17.7,12.3,,撒施,3447,33,2024-11-05 17:48:46
436,FP436,生物肥政府436,嘉施利,生物肥,20.6,5.4,20.0,,冲施,2406,32,2025-03-12 12:04:47
437,FP437,生物肥都是437,盐湖股份,生物肥,18.8,11.3,5.0,,滴灌,2676,28,2023-12-22 02:04:56
438,FP438,叶面肥由于438,云天化,叶面肥,10.7,6.7,21.7,,基施,3608,28,2024-01-27 22:07:54
439,FP439,微量元素肥因此439,六国化工,微量元素肥,17.0,8.5,7.3,,滴灌,3150,23,2025-06-04 08:52:47
440,FP440,微量元素肥但是440,盐湖股份,微量元素肥,13.2,7.7,19.5,"{""Fe"": 0.2, ""Zn"": 0.91, ""B"": 0.05, ""Cu"": 0.11, ""Mn"": 0.47}",条施,2531,36,2024-04-21 03:32:17
441,FP441,叶面肥主要441,中化集团,叶面肥,13.4,20.0,10.2,"{""Fe"": 0.58, ""Zn"": 0.55, ""B"": 0.18, ""Cu"": 0.24, ""Mn"": 0.75}",冲施,3207,26,2024-07-10 02:41:28
442,FP442,微量元素肥程序442,盐湖股份,微量元素肥,14.8,5.7,18.4,"{""Fe"": 1.29, ""Zn"": 0.42, ""B"": 0.44, ""Cu"": 0.08, ""Mn"": 1.12}",滴灌,3373,26,2023-07-18 16:15:17
443,FP443,氮肥一起443,史丹利,氮肥,47.9,0,0,"{""Fe"": 1.21, ""Zn"": 0.41, ""B"": 0.28, ""Cu"": 0.21, ""Mn"": 0.95}",冲施,2367,16,2023-10-03 10:05:09
444,FP444,有机肥合作444,东海钾肥,有机肥,18.2,7.8,20.0,"{""Fe"": 1.07, ""Zn"": 0.49, ""B"": 0.39, ""Cu"": 0.2, ""Mn"": 0.34}",基施,2221,22,2025-02-28 07:37:54
445,FP445,复合肥控制445,金正大,复合肥,19.4,18.6,5.4,"{""Fe"": 0.88, ""Zn"": 0.22, ""B"": 0.19, ""Cu"": 0.26, ""Mn"": 0.97}",基施,3134,28,2024-11-18 18:01:12
446,FP446,生物肥作为446,中化集团,生物肥,13.8,21.6,14.9,,叶面喷施,3056,16,2025-01-07 11:38:38
447,FP447,有机肥他的447,盐湖股份,有机肥,24.6,22.8,15.2,,撒施,2815,27,2023-07-23 00:27:41
448,FP448,叶面肥生产448,嘉施利,叶面肥,22.1,14.8,17.7,,条施,3042,12,2024-09-27 09:05:34
449,FP449,微量元素肥责任449,东海钾肥,微量元素肥,20.7,15.9,15.4,"{""Fe"": 1.31, ""Zn"": 0.35, ""B"": 0.35, ""Cu"": 0.21, ""Mn"": 1.32}",基施,2660,26,2024-04-07 07:52:39
450,FP450,钾肥价格450,史丹利,钾肥,0,0,50.6,,撒施,2863,14,2023-07-01 22:36:31
451,FP451,复合肥一定451,盐湖股份,复合肥,9.7,11.5,9.8,"{""Fe"": 1.19, ""Zn"": 0.38, ""B"": 0.24, ""Cu"": 0.23, ""Mn"": 1.49}",叶面喷施,3457,24,2023-08-26 14:51:46
452,FP452,微量元素肥日本452,六国化工,微量元素肥,19.8,15.7,22.1,"{""Fe"": 1.35, ""Zn"": 0.45, ""B"": 0.33, ""Cu"": 0.07, ""Mn"": 0.49}",穴施,2260,20,2025-01-14 10:16:08
453,FP453,钾肥有限453,中化集团,钾肥,0,0,49.7,,撒施,3297,20,2024-09-07 11:21:00
454,FP454,微量元素肥但是454,六国化工,微量元素肥,25.0,15.8,19.3,"{""Fe"": 1.15, ""Zn"": 0.48, ""B"": 0.48, ""Cu"": 0.29, ""Mn"": 0.8}",基施,2660,19,2023-06-30 23:31:31
455,FP455,生物肥喜欢455,盐湖股份,生物肥,12.7,8.6,5.9,"{""Fe"": 1.83, ""Zn"": 0.22, ""B"": 0.24, ""Cu"": 0.07, ""Mn"": 1.08}",条施,2741,14,2023-08-26 16:40:31
456,FP456,有机肥原因456,中化集团,有机肥,16.3,22.5,14.4,,撒施,3671,32,2025-03-09 14:04:11
457,FP457,复合肥公司457,云天化,复合肥,15.1,7.3,20.1,,叶面喷施,2284,22,2025-03-22 07:22:15
458,FP458,复合肥行业458,嘉施利,复合肥,14.0,15.7,6.3,,穴施,3174,28,2023-07-29 17:56:52
459,FP459,氮肥注册459,金正大,氮肥,33.1,0,0,,冲施,2266,33,2023-10-28 16:47:20
460,FP460,钾肥经验460,中化集团,钾肥,0,0,59.0,"{""Fe"": 1.93, ""Zn"": 0.46, ""B"": 0.44, ""Cu"": 0.08, ""Mn"": 0.61}",滴灌,2955,18,2024-01-30 12:46:18
461,FP461,氮肥那些461,六国化工,氮肥,36.5,0,0,"{""Fe"": 1.81, ""Zn"": 0.13, ""B"": 0.13, ""Cu"": 0.05, ""Mn"": 0.56}",叶面喷施,2193,14,2024-01-16 02:25:17
462,FP462,复合肥音乐462,嘉施利,复合肥,23.6,13.1,14.7,"{""Fe"": 0.66, ""Zn"": 0.8, ""B"": 0.19, ""Cu"": 0.08, ""Mn"": 1.44}",叶面喷施,3511,20,2023-08-07 07:31:39
463,FP463,氮肥工程463,东海钾肥,氮肥,42.1,0,0,"{""Fe"": 0.18, ""Zn"": 0.14, ""B"": 0.34, ""Cu"": 0.18, ""Mn"": 0.3}",基施,2747,26,2025-01-31 19:35:16
464,FP464,氮肥登录464,云天化,氮肥,44.0,0,0,,穴施,2727,36,2024-02-24 17:35:15
465,FP465,钾肥项目465,东海钾肥,钾肥,0,0,60.1,"{""Fe"": 0.81, ""Zn"": 0.6, ""B"": 0.24, ""Cu"": 0.07, ""Mn"": 1.25}",滴灌,3485,35,2024-04-14 21:44:50
466,FP466,微量元素肥合作466,盐湖股份,微量元素肥,8.3,15.9,16.3,"{""Fe"": 1.19, ""Zn"": 0.65, ""B"": 0.43, ""Cu"": 0.19, ""Mn"": 1.15}",冲施,2871,18,2023-07-01 19:29:49
467,FP467,磷肥网站467,盐湖股份,磷肥,0,13.6,0,,条施,2169,17,2024-08-02 18:47:06
468,FP468,氮肥包括468,盐湖股份,氮肥,48.1,0,0,"{""Fe"": 0.97, ""Zn"": 1.0, ""B"": 0.46, ""Cu"": 0.08, ""Mn"": 0.7}",撒施,2219,22,2024-12-05 06:00:29
469,FP469,微量元素肥客户469,六国化工,微量元素肥,17.3,10.4,15.8,,叶面喷施,3527,28,2024-02-11 06:45:12
470,FP470,磷肥自己470,金正大,磷肥,0,12.8,0,"{""Fe"": 0.12, ""Zn"": 0.35, ""B"": 0.47, ""Cu"": 0.16, ""Mn"": 0.77}",冲施,2088,20,2024-07-21 15:46:44
471,FP471,复合肥有关471,六国化工,复合肥,7.1,7.9,6.2,,穴施,2328,23,2024-08-25 03:45:32
472,FP472,叶面肥价格472,云天化,叶面肥,24.1,13.1,14.3,,撒施,2884,28,2024-01-03 03:40:55
473,FP473,叶面肥语言473,盐湖股份,叶面肥,9.0,10.2,9.7,,撒施,2596,23,2024-02-26 00:27:15
474,FP474,钾肥还是474,金正大,钾肥,0,0,49.8,"{""Fe"": 1.61, ""Zn"": 0.62, ""B"": 0.04, ""Cu"": 0.03, ""Mn"": 0.95}",条施,2842,30,2023-09-13 20:21:09
475,FP475,微量元素肥你们475,云天化,微量元素肥,14.0,18.3,17.6,"{""Fe"": 0.3, ""Zn"": 0.13, ""B"": 0.35, ""Cu"": 0.12, ""Mn"": 0.28}",冲施,3519,15,2025-02-21 21:19:59
476,FP476,微量元素肥管理476,六国化工,微量元素肥,11.3,6.4,21.1,"{""Fe"": 1.91, ""Zn"": 0.62, ""B"": 0.2, ""Cu"": 0.23, ""Mn"": 1.21}",穴施,2847,12,2023-07-28 13:03:56
477,FP477,有机肥留言477,中化集团,有机肥,21.7,13.5,12.5,"{""Fe"": 1.66, ""Zn"": 0.08, ""B"": 0.46, ""Cu"": 0.17, ""Mn"": 0.56}",条施,2728,33,2024-07-03 17:20:34
478,FP478,叶面肥一下478,中化集团,叶面肥,15.5,7.7,10.4,,冲施,3102,24,2024-03-07 00:57:17
479,FP479,复合肥专业479,中化集团,复合肥,12.0,20.4,23.8,,叶面喷施,3085,29,2024-01-11 19:17:19
480,FP480,微量元素肥对于480,嘉施利,微量元素肥,23.0,23.6,20.0,"{""Fe"": 1.94, ""Zn"": 0.45, ""B"": 0.02, ""Cu"": 0.03, ""Mn"": 0.2}",叶面喷施,2731,17,2025-04-22 19:12:12
481,FP481,氮肥方法481,中化集团,氮肥,26.9,0,0,"{""Fe"": 1.66, ""Zn"": 0.9, ""B"": 0.3, ""Cu"": 0.23, ""Mn"": 0.78}",叶面喷施,2437,25,2024-06-16 17:03:40
482,FP482,磷肥不断482,中化集团,磷肥,0,19.8,0,,冲施,1772,29,2025-04-30 07:56:01
483,FP483,钾肥类型483,盐湖股份,钾肥,0,0,57.6,,撒施,3097,31,2025-05-03 16:24:37
484,FP484,生物肥其实484,盐湖股份,生物肥,16.2,22.3,21.4,,滴灌,2703,14,2025-03-26 00:27:50
485,FP485,钾肥大小485,云天化,钾肥,0,0,59.6,,穴施,3359,29,2024-02-17 03:53:46
486,FP486,钾肥认为486,史丹利,钾肥,0,0,48.4,,滴灌,3353,30,2024-12-31 18:48:50
487,FP487,生物肥经验487,云天化,生物肥,24.3,9.9,18.5,"{""Fe"": 1.62, ""Zn"": 0.89, ""B"": 0.27, ""Cu"": 0.26, ""Mn"": 0.51}",叶面喷施,3733,28,2025-04-18 20:42:26
488,FP488,生物肥他们488,史丹利,生物肥,21.1,17.0,8.1,,冲施,2413,27,2024-07-06 20:34:25
489,FP489,氮肥功能489,东海钾肥,氮肥,25.0,0,0,"{""Fe"": 1.97, ""Zn"": 0.18, ""B"": 0.45, ""Cu"": 0.15, ""Mn"": 1.44}",冲施,2184,31,2025-01-28 14:41:45
490,FP490,复合肥首页490,云天化,复合肥,6.5,12.5,15.7,"{""Fe"": 1.77, ""Zn"": 0.73, ""B"": 0.48, ""Cu"": 0.13, ""Mn"": 0.44}",穴施,2354,29,2024-10-04 07:44:37
491,FP491,有机肥因为491,金正大,有机肥,20.0,10.3,16.9,"{""Fe"": 1.08, ""Zn"": 0.7, ""B"": 0.04, ""Cu"": 0.06, ""Mn"": 0.18}",滴灌,3280,21,2023-07-17 11:15:49
492,FP492,氮肥一样492,嘉施利,氮肥,45.6,0,0,"{""Fe"": 1.99, ""Zn"": 0.39, ""B"": 0.08, ""Cu"": 0.26, ""Mn"": 0.37}",冲施,2596,17,2024-11-05 05:58:48
493,FP493,钾肥类别493,六国化工,钾肥,0,0,49.7,"{""Fe"": 1.0, ""Zn"": 0.49, ""B"": 0.31, ""Cu"": 0.17, ""Mn"": 1.35}",条施,3044,36,2024-12-23 07:56:23
494,FP494,微量元素肥中心494,金正大,微量元素肥,20.5,17.8,19.6,"{""Fe"": 1.12, ""Zn"": 0.84, ""B"": 0.37, ""Cu"": 0.14, ""Mn"": 0.17}",叶面喷施,2409,27,2024-03-06 10:55:47
495,FP495,生物肥精华495,嘉施利,生物肥,11.4,22.1,7.4,"{""Fe"": 0.6, ""Zn"": 0.13, ""B"": 0.44, ""Cu"": 0.21, ""Mn"": 1.41}",条施,3394,33,2024-09-26 11:41:07
496,FP496,钾肥男人496,中化集团,钾肥,0,0,64.2,"{""Fe"": 1.63, ""Zn"": 0.28, ""B"": 0.09, ""Cu"": 0.04, ""Mn"": 1.25}",撒施,2932,31,2024-10-29 06:58:25
497,FP497,复合肥一样497,金正大,复合肥,24.4,21.6,8.9,"{""Fe"": 0.92, ""Zn"": 0.38, ""B"": 0.22, ""Cu"": 0.19, ""Mn"": 1.45}",条施,2387,32,2024-10-16 15:08:13
498,FP498,磷肥简介498,史丹利,磷肥,0,16.0,0,"{""Fe"": 1.85, ""Zn"": 0.2, ""B"": 0.11, ""Cu"": 0.23, ""Mn"": 1.22}",条施,1720,12,2024-07-17 15:51:08
499,FP499,生物肥经验499,云天化,生物肥,15.9,23.9,5.5,"{""Fe"": 1.07, ""Zn"": 0.29, ""B"": 0.14, ""Cu"": 0.23, ""Mn"": 0.73}",基施,3002,13,2023-10-04 15:11:24
500,FP500,生物肥开始500,金正大,生物肥,7.8,22.0,6.0,,叶面喷施,2676,30,2024-02-24 21:58:32
501,FP501,生物肥国内501,史丹利,生物肥,18.5,10.3,19.8,"{""Fe"": 0.25, ""Zn"": 0.65, ""B"": 0.22, ""Cu"": 0.17, ""Mn"": 1.47}",穴施,3366,13,2025-03-28 01:55:36
502,FP502,磷肥只要502,嘉施利,磷肥,0,19.7,0,,叶面喷施,1524,34,2024-12-16 20:25:14
503,FP503,磷肥拥有503,盐湖股份,磷肥,0,12.3,0,,冲施,1811,19,2024-08-08 16:32:42
504,FP504,生物肥不断504,金正大,生物肥,5.7,12.8,19.3,"{""Fe"": 1.08, ""Zn"": 0.21, ""B"": 0.49, ""Cu"": 0.18, ""Mn"": 0.12}",叶面喷施,3269,26,2023-10-07 02:08:37
505,FP505,叶面肥注意505,史丹利,叶面肥,15.5,24.4,9.6,,条施,2670,31,2023-08-26 14:58:04
506,FP506,氮肥起来506,六国化工,氮肥,28.4,0,0,,冲施,2330,30,2024-08-30 21:54:35
507,FP507,叶面肥时间507,东海钾肥,叶面肥,6.2,6.0,8.5,"{""Fe"": 0.5, ""Zn"": 0.45, ""B"": 0.38, ""Cu"": 0.12, ""Mn"": 1.37}",撒施,2889,18,2024-12-30 16:43:32
508,FP508,钾肥可以508,嘉施利,钾肥,0,0,55.4,"{""Fe"": 0.28, ""Zn"": 0.89, ""B"": 0.17, ""Cu"": 0.07, ""Mn"": 1.15}",撒施,3193,20,2024-03-05 06:52:26
509,FP509,复合肥还是509,中化集团,复合肥,10.7,5.5,11.8,,基施,3637,13,2025-05-09 21:08:49
510,FP510,生物肥今天510,金正大,生物肥,10.1,17.9,22.7,,穴施,2607,19,2024-06-16 19:19:47
511,FP511,生物肥音乐511,中化集团,生物肥,20.9,6.3,8.4,"{""Fe"": 0.22, ""Zn"": 0.49, ""B"": 0.1, ""Cu"": 0.03, ""Mn"": 0.77}",滴灌,2679,33,2024-12-17 21:36:22
512,FP512,磷肥有些512,史丹利,磷肥,0,17.8,0,"{""Fe"": 1.7, ""Zn"": 0.27, ""B"": 0.03, ""Cu"": 0.05, ""Mn"": 0.92}",撒施,1968,26,2024-06-17 10:00:51
513,FP513,生物肥现在513,东海钾肥,生物肥,21.3,11.7,8.5,,滴灌,3011,27,2024-09-12 17:49:54
514,FP514,磷肥法律514,云天化,磷肥,0,13.2,0,"{""Fe"": 1.69, ""Zn"": 0.36, ""B"": 0.1, ""Cu"": 0.08, ""Mn"": 0.45}",撒施,1565,36,2025-02-12 23:58:28
515,FP515,氮肥当然515,盐湖股份,氮肥,22.8,0,0,"{""Fe"": 0.5, ""Zn"": 0.16, ""B"": 0.35, ""Cu"": 0.3, ""Mn"": 0.21}",基施,2428,15,2023-08-15 07:16:31
516,FP516,钾肥出来516,六国化工,钾肥,0,0,55.4,,冲施,3300,30,2024-06-03 23:35:11
517,FP517,钾肥设备517,史丹利,钾肥,0,0,59.8,"{""Fe"": 1.93, ""Zn"": 0.85, ""B"": 0.48, ""Cu"": 0.14, ""Mn"": 1.1}",叶面喷施,3181,26,2024-10-21 07:14:43
518,FP518,微量元素肥不能518,六国化工,微量元素肥,14.5,11.2,9.7,,穴施,3209,19,2023-09-11 18:30:37
519,FP519,叶面肥浏览519,嘉施利,叶面肥,22.9,6.0,10.1,"{""Fe"": 1.28, ""Zn"": 0.31, ""B"": 0.46, ""Cu"": 0.17, ""Mn"": 0.88}",基施,3164,20,2024-04-09 20:10:52
520,FP520,生物肥可能520,金正大,生物肥,23.1,23.8,20.0,"{""Fe"": 0.81, ""Zn"": 0.68, ""B"": 0.04, ""Cu"": 0.09, ""Mn"": 0.85}",穴施,2468,12,2025-05-27 07:02:42
521,FP521,复合肥经济521,云天化,复合肥,19.5,6.0,23.4,,基施,3792,29,2023-10-06 12:13:34
522,FP522,有机肥管理522,嘉施利,有机肥,19.5,23.1,13.6,"{""Fe"": 0.6, ""Zn"": 0.57, ""B"": 0.1, ""Cu"": 0.28, ""Mn"": 0.64}",滴灌,3534,29,2024-10-30 08:31:56
523,FP523,生物肥业务523,东海钾肥,生物肥,17.2,8.4,13.3,"{""Fe"": 1.94, ""Zn"": 0.32, ""B"": 0.11, ""Cu"": 0.19, ""Mn"": 0.52}",撒施,2967,27,2024-11-29 06:59:20
524,FP524,复合肥事情524,云天化,复合肥,7.0,14.2,6.6,,撒施,2594,31,2024-01-17 18:55:19
525,FP525,钾肥单位525,盐湖股份,钾肥,0,0,47.9,"{""Fe"": 0.32, ""Zn"": 0.84, ""B"": 0.04, ""Cu"": 0.15, ""Mn"": 0.78}",叶面喷施,2953,32,2024-04-24 05:09:27
526,FP526,有机肥单位526,嘉施利,有机肥,9.7,16.8,20.2,,叶面喷施,2236,13,2025-05-19 02:21:28
527,FP527,微量元素肥工作527,史丹利,微量元素肥,5.7,18.3,17.3,,撒施,3533,29,2023-07-14 12:54:19
528,FP528,复合肥表示528,嘉施利,复合肥,7.9,12.9,8.5,"{""Fe"": 1.21, ""Zn"": 0.9, ""B"": 0.41, ""Cu"": 0.12, ""Mn"": 1.37}",基施,2819,33,2023-07-11 04:07:30
529,FP529,生物肥地区529,六国化工,生物肥,6.0,9.7,11.5,"{""Fe"": 0.77, ""Zn"": 0.85, ""B"": 0.28, ""Cu"": 0.26, ""Mn"": 1.22}",条施,2937,16,2023-11-30 02:48:29
530,FP530,微量元素肥增加530,盐湖股份,微量元素肥,7.6,11.1,11.7,"{""Fe"": 1.02, ""Zn"": 0.9, ""B"": 0.32, ""Cu"": 0.05, ""Mn"": 1.42}",撒施,3241,28,2024-04-23 08:10:22
531,FP531,氮肥不断531,嘉施利,氮肥,25.2,0,0,,条施,2520,21,2024-01-11 11:27:39
532,FP532,生物肥一样532,东海钾肥,生物肥,12.1,14.0,9.2,"{""Fe"": 1.28, ""Zn"": 0.58, ""B"": 0.12, ""Cu"": 0.2, ""Mn"": 0.33}",基施,3575,26,2024-05-23 06:27:10
533,FP533,复合肥具有533,东海钾肥,复合肥,23.1,7.3,7.1,"{""Fe"": 1.23, ""Zn"": 0.38, ""B"": 0.44, ""Cu"": 0.07, ""Mn"": 0.76}",穴施,2750,12,2024-07-21 23:22:29
534,FP534,氮肥经济534,史丹利,氮肥,47.7,0,0,,滴灌,2274,12,2024-04-05 13:30:13
535,FP535,有机肥项目535,六国化工,有机肥,16.4,16.1,18.0,,冲施,2306,36,2025-01-15 03:08:22
536,FP536,磷肥时间536,嘉施利,磷肥,0,19.0,0,,叶面喷施,2156,21,2023-11-23 09:26:30
537,FP537,叶面肥投资537,嘉施利,叶面肥,9.6,22.3,23.8,"{""Fe"": 1.74, ""Zn"": 0.24, ""B"": 0.18, ""Cu"": 0.15, ""Mn"": 0.1}",撒施,2898,35,2024-03-19 05:04:47
538,FP538,复合肥销售538,六国化工,复合肥,9.6,16.2,15.4,"{""Fe"": 0.14, ""Zn"": 0.69, ""B"": 0.16, ""Cu"": 0.05, ""Mn"": 0.97}",叶面喷施,2645,26,2024-06-28 09:22:42
539,FP539,钾肥中心539,六国化工,钾肥,0,0,48.4,"{""Fe"": 1.77, ""Zn"": 0.65, ""B"": 0.21, ""Cu"": 0.22, ""Mn"": 1.06}",叶面喷施,3211,31,2025-04-03 04:16:53
540,FP540,氮肥为什540,金正大,氮肥,48.9,0,0,"{""Fe"": 0.35, ""Zn"": 0.98, ""B"": 0.39, ""Cu"": 0.13, ""Mn"": 1.41}",条施,2057,20,2024-06-26 05:43:06
541,FP541,磷肥之后541,盐湖股份,磷肥,0,16.6,0,,滴灌,2047,21,2024-06-02 07:13:36
542,FP542,钾肥本站542,金正大,钾肥,0,0,58.5,,叶面喷施,3168,33,2023-12-09 02:51:28
543,FP543,氮肥这里543,嘉施利,氮肥,48.5,0,0,,叶面喷施,2083,22,2025-02-27 19:35:42
544,FP544,复合肥美国544,云天化,复合肥,15.5,12.6,23.4,"{""Fe"": 1.2, ""Zn"": 0.72, ""B"": 0.24, ""Cu"": 0.11, ""Mn"": 0.78}",冲施,3588,28,2023-12-04 18:48:58
545,FP545,磷肥解决545,东海钾肥,磷肥,0,18.6,0,"{""Fe"": 1.07, ""Zn"": 0.79, ""B"": 0.41, ""Cu"": 0.02, ""Mn"": 0.69}",撒施,2028,16,2025-04-08 06:47:03
546,FP546,氮肥分析546,盐湖股份,氮肥,36.7,0,0,"{""Fe"": 1.22, ""Zn"": 0.25, ""B"": 0.03, ""Cu"": 0.24, ""Mn"": 1.44}",冲施,2069,24,2023-11-04 09:15:29
547,FP547,生物肥包括547,东海钾肥,生物肥,22.0,5.1,22.2,"{""Fe"": 1.62, ""Zn"": 0.93, ""B"": 0.44, ""Cu"": 0.25, ""Mn"": 0.4}",基施,3234,12,2025-01-03 19:48:41
548,FP548,微量元素肥基本548,东海钾肥,微量元素肥,18.2,17.2,15.5,"{""Fe"": 1.2, ""Zn"": 0.08, ""B"": 0.3, ""Cu"": 0.07, ""Mn"": 0.43}",冲施,3018,35,2023-07-10 22:10:36
549,FP549,生物肥广告549,中化集团,生物肥,9.2,17.5,18.4,,穴施,3537,21,2024-02-03 21:21:17
550,FP550,氮肥点击550,云天化,氮肥,34.1,0,0,"{""Fe"": 0.78, ""Zn"": 0.42, ""B"": 0.27, ""Cu"": 0.11, ""Mn"": 0.73}",撒施,2384,32,2024-09-18 11:03:17
551,FP551,钾肥觉得551,盐湖股份,钾肥,0,0,47.6,,条施,2827,29,2024-04-03 19:59:41
552,FP552,磷肥不断552,六国化工,磷肥,0,15.6,0,"{""Fe"": 1.84, ""Zn"": 0.96, ""B"": 0.42, ""Cu"": 0.03, ""Mn"": 1.26}",撒施,1504,31,2024-04-28 00:28:47
553,FP553,氮肥手机553,盐湖股份,氮肥,35.1,0,0,,撒施,2424,30,2024-04-13 11:59:24
554,FP554,叶面肥已经554,嘉施利,叶面肥,12.5,15.9,15.2,,基施,2764,24,2025-03-07 19:02:11
555,FP555,微量元素肥类型555,金正大,微量元素肥,18.6,19.1,14.0,,穴施,3245,23,2024-12-19 12:52:18
556,FP556,复合肥一样556,云天化,复合肥,18.8,23.9,9.2,"{""Fe"": 1.11, ""Zn"": 0.37, ""B"": 0.16, ""Cu"": 0.02, ""Mn"": 0.36}",冲施,2562,20,2024-12-05 18:26:59
557,FP557,有机肥不同557,东海钾肥,有机肥,11.6,9.7,15.6,"{""Fe"": 1.88, ""Zn"": 0.22, ""B"": 0.13, ""Cu"": 0.18, ""Mn"": 0.41}",叶面喷施,3718,13,2024-02-21 08:23:46
558,FP558,叶面肥之间558,盐湖股份,叶面肥,10.8,10.2,15.8,"{""Fe"": 1.76, ""Zn"": 0.29, ""B"": 0.33, ""Cu"": 0.09, ""Mn"": 0.33}",条施,3062,27,2024-06-28 16:29:41
559,FP559,钾肥报告559,史丹利,钾肥,0,0,56.8,"{""Fe"": 0.5, ""Zn"": 0.34, ""B"": 0.26, ""Cu"": 0.13, ""Mn"": 1.31}",撒施,3266,16,2025-05-25 19:43:04
560,FP560,叶面肥查看560,盐湖股份,叶面肥,19.7,12.6,7.0,,叶面喷施,2640,36,2024-01-13 22:21:29
561,FP561,生物肥因为561,六国化工,生物肥,8.6,12.1,12.9,"{""Fe"": 0.1, ""Zn"": 0.4, ""B"": 0.48, ""Cu"": 0.25, ""Mn"": 0.67}",穴施,3275,14,2023-11-23 21:28:48
562,FP562,生物肥现在562,东海钾肥,生物肥,22.4,10.9,13.0,"{""Fe"": 0.24, ""Zn"": 0.11, ""B"": 0.29, ""Cu"": 0.21, ""Mn"": 1.29}",撒施,3120,31,2024-06-28 08:53:58
563,FP563,复合肥来自563,金正大,复合肥,15.4,22.7,17.9,"{""Fe"": 0.11, ""Zn"": 0.23, ""B"": 0.15, ""Cu"": 0.03, ""Mn"": 0.99}",撒施,3078,26,2024-05-17 03:14:45
564,FP564,磷肥精华564,六国化工,磷肥,0,19.5,0,"{""Fe"": 1.78, ""Zn"": 0.29, ""B"": 0.08, ""Cu"": 0.11, ""Mn"": 0.28}",撒施,2183,33,2024-02-09 01:16:49
565,FP565,复合肥不能565,六国化工,复合肥,14.2,8.9,23.8,"{""Fe"": 0.7, ""Zn"": 0.11, ""B"": 0.04, ""Cu"": 0.05, ""Mn"": 0.97}",滴灌,3552,12,2024-03-14 06:43:25
566,FP566,磷肥包括566,嘉施利,磷肥,0,14.1,0,,冲施,1524,30,2024-11-17 14:12:30
567,FP567,钾肥全国567,史丹利,钾肥,0,0,55.9,,叶面喷施,3003,24,2025-01-24 06:01:31
568,FP568,氮肥经营568,嘉施利,氮肥,27.6,0,0,,滴灌,2147,32,2024-01-20 07:52:56
569,FP569,生物肥影响569,六国化工,生物肥,7.4,16.9,17.1,"{""Fe"": 1.09, ""Zn"": 0.66, ""B"": 0.05, ""Cu"": 0.23, ""Mn"": 1.48}",叶面喷施,2222,25,2024-11-30 16:50:07
570,FP570,生物肥企业570,史丹利,生物肥,16.7,17.2,19.2,"{""Fe"": 1.26, ""Zn"": 0.13, ""B"": 0.4, ""Cu"": 0.15, ""Mn"": 1.19}",滴灌,2642,21,2024-06-08 07:47:47
571,FP571,氮肥管理571,盐湖股份,氮肥,42.5,0,0,,冲施,2600,12,2024-02-26 06:20:19
572,FP572,有机肥产品572,金正大,有机肥,6.7,10.5,12.8,"{""Fe"": 1.86, ""Zn"": 0.89, ""B"": 0.09, ""Cu"": 0.08, ""Mn"": 1.39}",条施,3180,20,2024-11-23 23:56:17
573,FP573,生物肥如此573,中化集团,生物肥,17.5,6.3,10.3,,穴施,2486,33,2024-10-24 21:19:22
574,FP574,磷肥特别574,东海钾肥,磷肥,0,13.0,0,,条施,1811,24,2024-06-12 19:39:58
575,FP575,复合肥地方575,云天化,复合肥,11.2,9.4,23.5,,穴施,2719,17,2023-11-25 08:52:30
576,FP576,有机肥主要576,盐湖股份,有机肥,10.2,20.8,20.8,"{""Fe"": 0.88, ""Zn"": 0.21, ""B"": 0.39, ""Cu"": 0.17, ""Mn"": 1.47}",基施,3703,16,2024-12-06 13:42:01
577,FP577,微量元素肥空间577,史丹利,微量元素肥,7.5,10.8,20.0,"{""Fe"": 0.46, ""Zn"": 0.92, ""B"": 0.02, ""Cu"": 0.27, ""Mn"": 0.84}",穴施,3026,22,2024-01-18 07:45:12
578,FP578,微量元素肥来自578,盐湖股份,微量元素肥,7.8,23.5,11.8,,滴灌,3638,35,2024-02-29 11:43:57
579,FP579,钾肥所有579,嘉施利,钾肥,0,0,50.5,,冲施,2996,20,2025-04-07 12:57:09
580,FP580,磷肥一种580,金正大,磷肥,0,17.8,0,,冲施,1524,24,2023-09-28 09:28:05
581,FP581,生物肥语言581,金正大,生物肥,17.3,10.3,20.6,"{""Fe"": 1.43, ""Zn"": 0.62, ""B"": 0.29, ""Cu"": 0.05, ""Mn"": 0.6}",基施,3688,23,2023-07-03 23:22:10
582,FP582,微量元素肥规定582,云天化,微量元素肥,5.9,7.8,12.9,,冲施,2331,17,2024-05-17 06:48:29
583,FP583,磷肥本站583,史丹利,磷肥,0,13.4,0,"{""Fe"": 1.57, ""Zn"": 0.83, ""B"": 0.18, ""Cu"": 0.17, ""Mn"": 1.41}",撒施,1652,17,2024-06-26 03:13:35
584,FP584,钾肥社区584,金正大,钾肥,0,0,58.4,,滴灌,2927,23,2024-04-05 02:14:55
585,FP585,有机肥任何585,史丹利,有机肥,6.3,12.1,19.3,,基施,3738,32,2025-03-20 19:27:10
586,FP586,叶面肥出来586,嘉施利,叶面肥,10.0,20.7,11.0,"{""Fe"": 1.59, ""Zn"": 0.38, ""B"": 0.03, ""Cu"": 0.19, ""Mn"": 0.24}",基施,2404,23,2023-08-29 12:47:35
587,FP587,复合肥合作587,史丹利,复合肥,6.7,15.5,13.1,"{""Fe"": 0.66, ""Zn"": 0.53, ""B"": 0.17, ""Cu"": 0.09, ""Mn"": 1.28}",冲施,2842,29,2024-06-02 08:08:47
588,FP588,复合肥其中588,金正大,复合肥,17.6,10.7,14.2,"{""Fe"": 0.24, ""Zn"": 0.37, ""B"": 0.42, ""Cu"": 0.13, ""Mn"": 1.24}",滴灌,2552,22,2024-04-12 02:57:34
589,FP589,生物肥东西589,六国化工,生物肥,22.8,5.0,20.1,,冲施,2204,33,2024-12-13 18:43:43
590,FP590,生物肥事情590,中化集团,生物肥,17.0,21.8,17.7,"{""Fe"": 1.64, ""Zn"": 0.9, ""B"": 0.02, ""Cu"": 0.11, ""Mn"": 1.03}",冲施,3265,29,2024-11-12 22:25:43
591,FP591,磷肥系列591,金正大,磷肥,0,12.5,0,"{""Fe"": 1.13, ""Zn"": 0.47, ""B"": 0.03, ""Cu"": 0.03, ""Mn"": 1.43}",滴灌,2021,24,2025-03-03 02:55:05
592,FP592,生物肥行业592,嘉施利,生物肥,21.1,20.7,5.0,"{""Fe"": 1.65, ""Zn"": 0.7, ""B"": 0.07, ""Cu"": 0.2, ""Mn"": 0.92}",撒施,3161,28,2023-07-09 13:10:18
593,FP593,有机肥怎么593,中化集团,有机肥,24.1,22.9,15.5,"{""Fe"": 1.96, ""Zn"": 0.59, ""B"": 0.48, ""Cu"": 0.22, ""Mn"": 0.73}",穴施,2695,22,2023-06-30 01:58:42
594,FP594,微量元素肥不要594,中化集团,微量元素肥,23.1,6.3,21.5,"{""Fe"": 1.46, ""Zn"": 0.35, ""B"": 0.31, ""Cu"": 0.29, ""Mn"": 1.44}",穴施,2562,20,2024-05-30 13:49:36
595,FP595,氮肥北京595,嘉施利,氮肥,45.0,0,0,"{""Fe"": 1.24, ""Zn"": 0.95, ""B"": 0.37, ""Cu"": 0.1, ""Mn"": 0.56}",条施,2488,35,2024-05-31 09:50:49
596,FP596,叶面肥一次596,嘉施利,叶面肥,5.2,16.7,5.7,"{""Fe"": 0.9, ""Zn"": 0.48, ""B"": 0.02, ""Cu"": 0.21, ""Mn"": 0.94}",滴灌,2851,18,2023-09-17 16:11:14
597,FP597,叶面肥制作597,史丹利,叶面肥,15.3,7.1,14.7,"{""Fe"": 1.83, ""Zn"": 0.3, ""B"": 0.19, ""Cu"": 0.13, ""Mn"": 1.19}",穴施,2951,13,2025-01-27 17:25:40
598,FP598,磷肥发表598,史丹利,磷肥,0,13.1,0,"{""Fe"": 1.47, ""Zn"": 0.92, ""B"": 0.08, ""Cu"": 0.12, ""Mn"": 1.48}",滴灌,1525,14,2023-07-27 21:51:23
599,FP599,生物肥其实599,云天化,生物肥,24.9,19.7,10.4,"{""Fe"": 1.49, ""Zn"": 0.22, ""B"": 0.15, ""Cu"": 0.29, ""Mn"": 0.93}",叶面喷施,2226,24,2024-09-20 02:53:41
600,FP600,微量元素肥参加600,金正大,微量元素肥,15.5,7.0,5.0,"{""Fe"": 1.79, ""Zn"": 0.1, ""B"": 0.38, ""Cu"": 0.14, ""Mn"": 0.25}",叶面喷施,3091,34,2025-02-14 05:55:46
601,FP601,氮肥只要601,盐湖股份,氮肥,24.7,0,0,,滴灌,2692,18,2025-04-24 08:33:36
602,FP602,复合肥历史602,六国化工,复合肥,13.6,19.2,12.8,,滴灌,3444,19,2025-04-03 18:00:42
603,FP603,复合肥日本603,金正大,复合肥,19.7,24.4,14.1,,条施,3488,18,2025-01-17 18:59:07
604,FP604,氮肥建设604,嘉施利,氮肥,39.9,0,0,,条施,2027,31,2025-04-09 23:37:23
605,FP605,生物肥都是605,云天化,生物肥,16.8,8.7,11.1,"{""Fe"": 1.35, ""Zn"": 0.39, ""B"": 0.16, ""Cu"": 0.27, ""Mn"": 0.6}",穴施,2453,31,2023-07-10 14:34:24
606,FP606,复合肥以上606,云天化,复合肥,24.7,23.3,15.0,,穴施,3700,27,2024-09-22 05:46:12
607,FP607,生物肥出来607,云天化,生物肥,13.8,13.5,11.4,"{""Fe"": 1.13, ""Zn"": 0.66, ""B"": 0.19, ""Cu"": 0.15, ""Mn"": 1.25}",基施,3138,33,2023-08-22 13:53:59
608,FP608,磷肥时间608,东海钾肥,磷肥,0,15.7,0,,滴灌,1882,22,2024-05-05 12:28:31
609,FP609,磷肥有关609,东海钾肥,磷肥,0,16.0,0,"{""Fe"": 1.42, ""Zn"": 0.25, ""B"": 0.06, ""Cu"": 0.29, ""Mn"": 0.1}",基施,2052,33,2024-03-04 23:39:38
610,FP610,有机肥广告610,盐湖股份,有机肥,7.5,15.0,12.4,,叶面喷施,2252,29,2025-01-29 16:37:04
611,FP611,磷肥一切611,云天化,磷肥,0,14.7,0,,撒施,2130,24,2023-09-14 15:55:38
612,FP612,生物肥今年612,史丹利,生物肥,13.0,23.8,16.7,,滴灌,3367,16,2024-01-19 17:47:31
613,FP613,磷肥她的613,东海钾肥,磷肥,0,18.1,0,"{""Fe"": 1.19, ""Zn"": 0.06, ""B"": 0.16, ""Cu"": 0.16, ""Mn"": 1.18}",冲施,1945,17,2023-11-11 06:22:22
614,FP614,叶面肥中文614,史丹利,叶面肥,17.5,21.4,23.8,"{""Fe"": 1.73, ""Zn"": 0.79, ""B"": 0.04, ""Cu"": 0.02, ""Mn"": 0.21}",撒施,2422,26,2024-10-17 03:40:50
615,FP615,有机肥还有615,金正大,有机肥,19.0,21.3,23.1,,叶面喷施,3031,21,2025-03-09 02:12:00
616,FP616,磷肥作品616,六国化工,磷肥,0,17.0,0,,滴灌,1803,32,2024-05-07 13:16:13
617,FP617,有机肥解决617,中化集团,有机肥,15.5,25.0,22.8,,穴施,3782,34,2024-03-15 01:49:15
618,FP618,有机肥你的618,嘉施利,有机肥,20.4,13.9,14.3,,穴施,3072,27,2024-07-24 13:25:23
619,FP619,钾肥搜索619,盐湖股份,钾肥,0,0,40.1,,冲施,3213,28,2024-03-04 04:10:51
620,FP620,叶面肥学生620,嘉施利,叶面肥,21.7,5.4,7.2,,基施,3730,24,2023-06-22 02:32:43
621,FP621,磷肥上海621,六国化工,磷肥,0,14.7,0,"{""Fe"": 0.51, ""Zn"": 0.85, ""B"": 0.13, ""Cu"": 0.13, ""Mn"": 0.86}",穴施,1985,23,2025-02-27 13:44:59
622,FP622,氮肥价格622,嘉施利,氮肥,26.9,0,0,,基施,2193,29,2024-08-31 05:25:21
623,FP623,微量元素肥以及623,中化集团,微量元素肥,20.1,17.6,21.7,"{""Fe"": 0.95, ""Zn"": 0.67, ""B"": 0.37, ""Cu"": 0.21, ""Mn"": 0.75}",撒施,3272,30,2024-03-25 18:39:05
624,FP624,氮肥之间624,盐湖股份,氮肥,42.5,0,0,,叶面喷施,2228,27,2023-12-08 18:09:50
625,FP625,钾肥他的625,中化集团,钾肥,0,0,57.4,"{""Fe"": 0.65, ""Zn"": 0.45, ""B"": 0.47, ""Cu"": 0.2, ""Mn"": 1.08}",穴施,2986,25,2023-12-23 09:18:14
626,FP626,磷肥的是626,史丹利,磷肥,0,13.6,0,,滴灌,1828,12,2025-05-31 10:25:51
627,FP627,有机肥生产627,云天化,有机肥,15.2,14.9,5.8,"{""Fe"": 0.33, ""Zn"": 0.21, ""B"": 0.29, ""Cu"": 0.21, ""Mn"": 0.33}",冲施,2201,23,2025-05-30 04:56:25
628,FP628,氮肥会员628,盐湖股份,氮肥,43.0,0,0,"{""Fe"": 0.99, ""Zn"": 0.34, ""B"": 0.28, ""Cu"": 0.13, ""Mn"": 0.14}",基施,2435,34,2024-01-05 17:02:04
629,FP629,氮肥虽然629,中化集团,氮肥,36.0,0,0,,基施,2300,13,2024-07-11 06:46:16
630,FP630,磷肥特别630,金正大,磷肥,0,13.7,0,"{""Fe"": 0.25, ""Zn"": 0.74, ""B"": 0.26, ""Cu"": 0.27, ""Mn"": 0.96}",条施,2034,28,2024-11-26 12:55:42
631,FP631,叶面肥日期631,嘉施利,叶面肥,10.0,18.7,9.9,,叶面喷施,2532,34,2025-03-20 14:07:08
632,FP632,有机肥科技632,盐湖股份,有机肥,8.5,8.4,23.1,"{""Fe"": 0.1, ""Zn"": 0.34, ""B"": 0.11, ""Cu"": 0.26, ""Mn"": 1.1}",滴灌,3145,12,2023-09-27 20:53:51
633,FP633,钾肥说明633,中化集团,钾肥,0,0,56.4,"{""Fe"": 1.59, ""Zn"": 0.17, ""B"": 0.29, ""Cu"": 0.25, ""Mn"": 0.12}",穴施,2948,21,2025-03-07 08:40:20
634,FP634,叶面肥更新634,云天化,叶面肥,18.9,19.3,19.6,"{""Fe"": 1.5, ""Zn"": 0.54, ""B"": 0.39, ""Cu"": 0.13, ""Mn"": 1.01}",撒施,3571,35,2023-07-15 14:08:24
635,FP635,氮肥时候635,中化集团,氮肥,49.4,0,0,"{""Fe"": 0.72, ""Zn"": 0.44, ""B"": 0.34, ""Cu"": 0.21, ""Mn"": 0.18}",冲施,2233,32,2024-07-25 21:21:19
636,FP636,复合肥情况636,史丹利,复合肥,11.1,13.1,19.5,,滴灌,2647,29,2025-02-16 17:31:09
637,FP637,微量元素肥密码637,金正大,微量元素肥,8.0,19.7,19.7,,条施,3367,30,2024-01-26 15:33:54
638,FP638,磷肥电影638,云天化,磷肥,0,14.6,0,,条施,2121,23,2025-01-03 04:39:20
639,FP639,钾肥企业639,六国化工,钾肥,0,0,48.6,"{""Fe"": 0.69, ""Zn"": 0.19, ""B"": 0.24, ""Cu"": 0.21, ""Mn"": 1.42}",穴施,2804,20,2023-06-20 10:02:16
640,FP640,钾肥美国640,盐湖股份,钾肥,0,0,49.3,,条施,3219,13,2025-04-24 05:18:53
641,FP641,生物肥问题641,嘉施利,生物肥,13.3,22.6,16.9,,滴灌,3763,18,2023-12-09 06:10:39
642,FP642,钾肥一个642,史丹利,钾肥,0,0,48.0,,穴施,3221,19,2024-01-11 15:40:56
643,FP643,微量元素肥历史643,嘉施利,微量元素肥,11.0,20.8,18.6,"{""Fe"": 1.07, ""Zn"": 0.09, ""B"": 0.09, ""Cu"": 0.27, ""Mn"": 0.63}",条施,3215,26,2024-03-18 02:33:45
644,FP644,复合肥包括644,六国化工,复合肥,13.8,24.2,10.8,,冲施,3789,34,2023-10-11 20:39:29
645,FP645,钾肥得到645,六国化工,钾肥,0,0,62.8,,冲施,3120,29,2023-07-11 13:24:45
646,FP646,磷肥制作646,嘉施利,磷肥,0,15.5,0,,撒施,1587,15,2024-01-29 16:49:38
647,FP647,氮肥我们647,东海钾肥,氮肥,24.2,0,0,"{""Fe"": 0.28, ""Zn"": 0.06, ""B"": 0.24, ""Cu"": 0.07, ""Mn"": 1.02}",条施,2440,25,2024-08-01 11:25:42
648,FP648,叶面肥管理648,嘉施利,叶面肥,7.1,9.5,23.3,,叶面喷施,2290,18,2023-11-19 01:53:31
649,FP649,复合肥如此649,史丹利,复合肥,7.2,8.0,6.3,,叶面喷施,2205,26,2023-06-27 11:08:56
650,FP650,微量元素肥工作650,史丹利,微量元素肥,5.9,14.4,18.1,"{""Fe"": 1.68, ""Zn"": 0.23, ""B"": 0.32, ""Cu"": 0.19, ""Mn"": 1.11}",基施,3045,27,2023-10-30 18:51:36
651,FP651,磷肥简介651,云天化,磷肥,0,15.1,0,"{""Fe"": 1.72, ""Zn"": 0.41, ""B"": 0.2, ""Cu"": 0.04, ""Mn"": 0.48}",叶面喷施,1658,29,2024-06-04 14:12:23
652,FP652,氮肥什么652,史丹利,氮肥,21.0,0,0,,条施,2318,25,2025-05-13 14:29:29
653,FP653,叶面肥市场653,史丹利,叶面肥,13.2,21.6,20.8,,基施,3645,35,2025-05-20 23:28:00
654,FP654,生物肥感觉654,中化集团,生物肥,9.8,22.2,19.8,"{""Fe"": 0.98, ""Zn"": 0.88, ""B"": 0.16, ""Cu"": 0.24, ""Mn"": 0.86}",叶面喷施,3534,13,2024-11-14 13:29:48
655,FP655,有机肥学校655,六国化工,有机肥,19.1,19.3,24.8,"{""Fe"": 1.42, ""Zn"": 0.75, ""B"": 0.13, ""Cu"": 0.08, ""Mn"": 1.18}",基施,2850,32,2023-12-17 22:40:57
656,FP656,叶面肥来源656,史丹利,叶面肥,7.7,19.6,12.8,"{""Fe"": 1.68, ""Zn"": 0.78, ""B"": 0.13, ""Cu"": 0.1, ""Mn"": 0.51}",撒施,2332,18,2023-08-14 03:19:00
657,FP657,叶面肥位置657,金正大,叶面肥,6.7,22.3,11.7,"{""Fe"": 1.0, ""Zn"": 0.96, ""B"": 0.19, ""Cu"": 0.21, ""Mn"": 0.29}",撒施,2386,28,2023-07-22 18:42:42
658,FP658,复合肥我们658,史丹利,复合肥,7.1,13.9,10.2,"{""Fe"": 0.86, ""Zn"": 0.31, ""B"": 0.17, ""Cu"": 0.26, ""Mn"": 0.52}",叶面喷施,2412,26,2024-02-02 18:50:45
659,FP659,微量元素肥什么659,史丹利,微量元素肥,5.4,12.4,15.7,,叶面喷施,2691,29,2025-04-30 06:31:21
660,FP660,钾肥应该660,云天化,钾肥,0,0,60.3,,冲施,2900,28,2024-02-19 17:52:12
661,FP661,磷肥人员661,嘉施利,磷肥,0,19.9,0,"{""Fe"": 0.75, ""Zn"": 0.6, ""B"": 0.36, ""Cu"": 0.22, ""Mn"": 1.19}",滴灌,2180,24,2024-08-17 06:22:26
662,FP662,钾肥因为662,盐湖股份,钾肥,0,0,50.5,,冲施,2837,30,2024-08-22 09:10:02
663,FP663,有机肥通过663,中化集团,有机肥,14.7,19.7,13.6,"{""Fe"": 1.36, ""Zn"": 0.99, ""B"": 0.22, ""Cu"": 0.18, ""Mn"": 0.39}",撒施,2839,30,2024-02-06 13:10:08
664,FP664,叶面肥方法664,盐湖股份,叶面肥,20.0,17.6,15.9,"{""Fe"": 0.88, ""Zn"": 0.18, ""B"": 0.4, ""Cu"": 0.19, ""Mn"": 0.32}",条施,2575,30,2023-06-17 21:57:46
665,FP665,生物肥社区665,盐湖股份,生物肥,17.3,19.2,19.2,,冲施,3376,34,2024-03-13 10:43:44
666,FP666,磷肥以上666,盐湖股份,磷肥,0,15.7,0,"{""Fe"": 1.68, ""Zn"": 0.43, ""B"": 0.39, ""Cu"": 0.2, ""Mn"": 0.69}",冲施,2084,34,2024-01-02 12:15:26
667,FP667,有机肥是一667,盐湖股份,有机肥,8.1,18.8,17.9,"{""Fe"": 1.24, ""Zn"": 0.24, ""B"": 0.07, ""Cu"": 0.23, ""Mn"": 0.53}",基施,3545,19,2023-08-07 00:49:17
668,FP668,磷肥美国668,盐湖股份,磷肥,0,17.0,0,,滴灌,1685,18,2024-04-27 12:00:48
669,FP669,钾肥成为669,云天化,钾肥,0,0,62.7,"{""Fe"": 1.16, ""Zn"": 0.87, ""B"": 0.48, ""Cu"": 0.13, ""Mn"": 0.74}",滴灌,3377,36,2024-07-15 17:00:33
670,FP670,叶面肥制作670,中化集团,叶面肥,20.8,18.9,10.7,,基施,3422,23,2024-04-16 08:23:20
671,FP671,复合肥可以671,六国化工,复合肥,5.8,22.8,10.6,"{""Fe"": 0.65, ""Zn"": 0.69, ""B"": 0.41, ""Cu"": 0.28, ""Mn"": 0.25}",叶面喷施,3287,23,2024-07-28 06:28:17
672,FP672,磷肥建设672,金正大,磷肥,0,16.7,0,"{""Fe"": 1.66, ""Zn"": 0.63, ""B"": 0.47, ""Cu"": 0.24, ""Mn"": 0.86}",撒施,1750,33,2024-06-10 20:38:06
673,FP673,有机肥如果673,盐湖股份,有机肥,17.3,24.0,9.8,,滴灌,3773,18,2023-12-27 12:56:08
674,FP674,钾肥的是674,金正大,钾肥,0,0,55.7,,条施,3110,30,2024-01-17 01:05:30
675,FP675,叶面肥要求675,盐湖股份,叶面肥,16.1,20.8,7.8,,撒施,3613,12,2023-07-23 06:08:16
676,FP676,磷肥无法676,云天化,磷肥,0,13.6,0,,滴灌,1599,15,2025-05-05 22:03:32
677,FP677,氮肥知道677,云天化,氮肥,28.9,0,0,,滴灌,2239,13,2024-10-21 17:43:02
678,FP678,复合肥音乐678,东海钾肥,复合肥,17.8,16.1,9.7,"{""Fe"": 0.59, ""Zn"": 0.68, ""B"": 0.22, ""Cu"": 0.24, ""Mn"": 0.64}",叶面喷施,3055,29,2024-04-27 23:35:18
679,FP679,复合肥谢谢679,嘉施利,复合肥,11.1,11.0,24.3,,条施,2390,27,2024-03-18 11:20:30
680,FP680,生物肥关于680,东海钾肥,生物肥,10.1,9.8,23.5,"{""Fe"": 1.25, ""Zn"": 0.31, ""B"": 0.43, ""Cu"": 0.03, ""Mn"": 0.37}",冲施,3764,13,2024-12-20 23:09:17
681,FP681,叶面肥登录681,金正大,叶面肥,14.4,12.4,23.1,"{""Fe"": 1.94, ""Zn"": 0.79, ""B"": 0.18, ""Cu"": 0.16, ""Mn"": 1.0}",基施,2442,36,2024-11-25 07:31:02
682,FP682,钾肥起来682,云天化,钾肥,0,0,57.9,,条施,2857,18,2025-06-03 23:37:55
683,FP683,复合肥资源683,史丹利,复合肥,11.1,8.4,5.9,,冲施,2614,32,2024-03-30 09:30:30
684,FP684,有机肥当前684,盐湖股份,有机肥,7.0,22.1,8.5,,冲施,3137,20,2023-08-30 08:24:30
685,FP685,叶面肥查看685,东海钾肥,叶面肥,12.3,20.3,17.3,"{""Fe"": 0.93, ""Zn"": 0.56, ""B"": 0.45, ""Cu"": 0.16, ""Mn"": 0.58}",冲施,3068,14,2023-09-29 06:25:37
686,FP686,生物肥资料686,嘉施利,生物肥,6.5,24.1,24.1,,基施,2410,30,2024-06-10 05:16:46
687,FP687,复合肥你们687,盐湖股份,复合肥,5.9,5.9,12.2,"{""Fe"": 1.02, ""Zn"": 0.66, ""B"": 0.5, ""Cu"": 0.04, ""Mn"": 1.17}",叶面喷施,2816,29,2024-12-24 00:08:53
688,FP688,叶面肥公司688,中化集团,叶面肥,10.8,8.1,19.0,"{""Fe"": 0.56, ""Zn"": 0.31, ""B"": 0.29, ""Cu"": 0.19, ""Mn"": 1.3}",滴灌,2701,14,2023-10-19 18:21:27
689,FP689,微量元素肥程序689,中化集团,微量元素肥,14.1,9.7,20.4,,叶面喷施,3648,24,2023-11-23 01:37:44
690,FP690,生物肥用户690,六国化工,生物肥,7.8,23.2,15.1,"{""Fe"": 0.9, ""Zn"": 0.71, ""B"": 0.16, ""Cu"": 0.17, ""Mn"": 1.0}",冲施,3351,16,2024-06-17 15:15:38
691,FP691,微量元素肥语言691,嘉施利,微量元素肥,10.4,19.9,23.4,,撒施,2585,25,2023-09-19 11:57:43
692,FP692,叶面肥技术692,金正大,叶面肥,20.1,16.9,17.0,,条施,2717,20,2023-11-12 23:07:17
693,FP693,复合肥网络693,中化集团,复合肥,22.8,8.9,20.3,,基施,2467,33,2023-09-05 02:22:43
694,FP694,有机肥内容694,史丹利,有机肥,24.1,15.6,17.1,,基施,2460,19,2024-02-17 01:46:52
695,FP695,氮肥这些695,金正大,氮肥,45.8,0,0,,穴施,2274,31,2024-06-02 05:03:12
696,FP696,有机肥女人696,东海钾肥,有机肥,6.9,18.2,10.6,"{""Fe"": 1.3, ""Zn"": 0.92, ""B"": 0.14, ""Cu"": 0.02, ""Mn"": 1.21}",基施,2515,24,2024-04-07 20:34:15
697,FP697,复合肥文件697,金正大,复合肥,16.9,15.7,5.8,"{""Fe"": 1.78, ""Zn"": 0.05, ""B"": 0.31, ""Cu"": 0.19, ""Mn"": 0.27}",撒施,2962,31,2023-08-30 22:53:11
698,FP698,生物肥经验698,盐湖股份,生物肥,5.6,9.3,12.5,,穴施,2792,16,2024-05-30 17:06:24
699,FP699,微量元素肥主要699,东海钾肥,微量元素肥,15.8,16.4,24.8,,撒施,2357,35,2024-12-28 11:40:36
700,FP700,有机肥看到700,嘉施利,有机肥,23.1,9.7,23.6,,叶面喷施,2217,31,2023-12-06 07:57:54
701,FP701,生物肥以下701,中化集团,生物肥,16.5,24.4,12.3,"{""Fe"": 1.26, ""Zn"": 0.47, ""B"": 0.45, ""Cu"": 0.16, ""Mn"": 0.5}",基施,2748,26,2024-06-30 19:56:18
702,FP702,复合肥文化702,六国化工,复合肥,18.4,22.6,16.5,"{""Fe"": 1.1, ""Zn"": 0.5, ""B"": 0.33, ""Cu"": 0.2, ""Mn"": 1.5}",冲施,2356,28,2024-12-11 01:21:42
703,FP703,微量元素肥管理703,云天化,微量元素肥,22.0,8.9,6.8,,叶面喷施,2412,36,2023-08-21 10:12:43
704,FP704,叶面肥设备704,金正大,叶面肥,13.0,22.0,11.1,,冲施,3227,34,2023-09-28 21:48:39
705,FP705,钾肥下载705,云天化,钾肥,0,0,42.4,"{""Fe"": 0.41, ""Zn"": 0.87, ""B"": 0.29, ""Cu"": 0.15, ""Mn"": 1.43}",条施,2833,22,2025-01-13 15:38:46
706,FP706,微量元素肥大小706,金正大,微量元素肥,8.3,9.9,23.7,,滴灌,3615,36,2025-01-20 10:09:35
707,FP707,氮肥名称707,嘉施利,氮肥,33.9,0,0,"{""Fe"": 1.53, ""Zn"": 0.68, ""B"": 0.44, ""Cu"": 0.03, ""Mn"": 0.5}",撒施,2700,20,2023-11-01 21:49:46
708,FP708,有机肥评论708,六国化工,有机肥,8.8,24.4,23.4,"{""Fe"": 1.49, ""Zn"": 0.84, ""B"": 0.43, ""Cu"": 0.16, ""Mn"": 0.7}",条施,3267,31,2023-10-16 12:17:36
709,FP709,复合肥具有709,六国化工,复合肥,18.3,16.7,16.9,"{""Fe"": 1.25, ""Zn"": 0.91, ""B"": 0.1, ""Cu"": 0.29, ""Mn"": 1.15}",撒施,2349,26,2024-11-22 15:35:55
710,FP710,有机肥之后710,盐湖股份,有机肥,24.4,16.7,10.0,,叶面喷施,2330,27,2024-05-04 16:27:26
711,FP711,生物肥当然711,盐湖股份,生物肥,17.6,16.9,24.2,"{""Fe"": 0.29, ""Zn"": 1.0, ""B"": 0.22, ""Cu"": 0.29, ""Mn"": 1.43}",滴灌,2387,25,2025-04-20 14:26:53
712,FP712,微量元素肥这种712,六国化工,微量元素肥,21.3,14.7,12.9,,撒施,2492,35,2023-07-28 14:44:50
713,FP713,磷肥关系713,东海钾肥,磷肥,0,17.2,0,,撒施,1911,20,2024-10-30 14:43:34
714,FP714,微量元素肥加入714,嘉施利,微量元素肥,9.1,6.3,20.5,"{""Fe"": 1.71, ""Zn"": 0.91, ""B"": 0.16, ""Cu"": 0.15, ""Mn"": 1.42}",冲施,2818,32,2025-04-30 07:10:25
715,FP715,叶面肥中心715,东海钾肥,叶面肥,20.7,13.4,18.7,"{""Fe"": 0.8, ""Zn"": 0.34, ""B"": 0.28, ""Cu"": 0.19, ""Mn"": 0.41}",基施,2623,34,2023-11-01 22:24:07
716,FP716,有机肥发布716,盐湖股份,有机肥,21.4,19.2,15.6,,撒施,2736,21,2024-08-31 23:18:49
717,FP717,生物肥历史717,东海钾肥,生物肥,19.4,7.9,12.2,"{""Fe"": 0.66, ""Zn"": 0.14, ""B"": 0.18, ""Cu"": 0.05, ""Mn"": 0.7}",滴灌,3547,30,2023-10-22 16:01:15
718,FP718,微量元素肥技术718,金正大,微量元素肥,6.4,22.8,15.5,,基施,2998,36,2024-05-11 15:40:00
719,FP719,有机肥包括719,史丹利,有机肥,10.6,8.8,11.9,,冲施,2668,26,2023-07-08 17:28:18
720,FP720,钾肥非常720,史丹利,钾肥,0,0,40.6,,冲施,2801,23,2024-03-04 16:23:56
721,FP721,生物肥本站721,盐湖股份,生物肥,22.1,22.8,12.1,"{""Fe"": 0.14, ""Zn"": 0.84, ""B"": 0.38, ""Cu"": 0.04, ""Mn"": 1.5}",基施,3604,29,2025-04-10 01:20:22
722,FP722,钾肥地方722,金正大,钾肥,0,0,51.6,"{""Fe"": 0.48, ""Zn"": 0.6, ""B"": 0.34, ""Cu"": 0.06, ""Mn"": 0.55}",基施,3402,27,2023-11-21 22:55:55
723,FP723,有机肥以及723,嘉施利,有机肥,10.5,13.0,12.7,"{""Fe"": 1.73, ""Zn"": 0.86, ""B"": 0.2, ""Cu"": 0.25, ""Mn"": 0.94}",冲施,2755,32,2024-04-15 12:43:37
724,FP724,叶面肥说明724,东海钾肥,叶面肥,19.6,21.4,16.0,"{""Fe"": 0.37, ""Zn"": 0.59, ""B"": 0.41, ""Cu"": 0.17, ""Mn"": 0.35}",条施,2673,23,2023-07-09 13:54:05
725,FP725,叶面肥完成725,六国化工,叶面肥,18.8,14.4,17.5,,穴施,3700,29,2025-06-04 00:21:26
726,FP726,微量元素肥直接726,六国化工,微量元素肥,13.5,15.1,9.3,"{""Fe"": 1.92, ""Zn"": 0.17, ""B"": 0.08, ""Cu"": 0.07, ""Mn"": 1.46}",冲施,3711,35,2024-10-18 10:03:07
727,FP727,钾肥一样727,嘉施利,钾肥,0,0,56.6,,穴施,2831,17,2024-11-15 20:08:09
728,FP728,生物肥个人728,云天化,生物肥,13.9,14.4,17.8,"{""Fe"": 1.07, ""Zn"": 0.88, ""B"": 0.06, ""Cu"": 0.21, ""Mn"": 0.9}",撒施,2998,35,2024-07-17 23:45:02
729,FP729,微量元素肥电话729,嘉施利,微量元素肥,14.5,8.6,24.3,"{""Fe"": 1.99, ""Zn"": 0.97, ""B"": 0.29, ""Cu"": 0.29, ""Mn"": 0.44}",撒施,3556,13,2025-01-24 05:59:37
730,FP730,复合肥责任730,盐湖股份,复合肥,20.3,16.6,24.7,"{""Fe"": 0.53, ""Zn"": 0.12, ""B"": 0.05, ""Cu"": 0.29, ""Mn"": 0.26}",撒施,3152,12,2023-06-14 22:16:16
731,FP731,磷肥决定731,嘉施利,磷肥,0,16.8,0,,条施,1729,27,2024-10-22 05:26:49
732,FP732,有机肥发展732,盐湖股份,有机肥,23.9,20.4,21.0,"{""Fe"": 1.5, ""Zn"": 0.18, ""B"": 0.37, ""Cu"": 0.29, ""Mn"": 0.13}",叶面喷施,2359,12,2024-02-25 12:44:32
733,FP733,氮肥起来733,金正大,氮肥,48.3,0,0,,叶面喷施,2337,26,2024-03-15 10:44:30
734,FP734,有机肥希望734,东海钾肥,有机肥,24.9,6.1,8.7,,穴施,2873,23,2024-02-18 09:39:08
735,FP735,磷肥电话735,六国化工,磷肥,0,17.9,0,,条施,1879,35,2025-01-27 23:39:22
736,FP736,钾肥组织736,中化集团,钾肥,0,0,51.3,,穴施,2959,27,2025-05-06 05:05:10
737,FP737,磷肥无法737,东海钾肥,磷肥,0,13.5,0,"{""Fe"": 0.69, ""Zn"": 0.16, ""B"": 0.34, ""Cu"": 0.24, ""Mn"": 1.17}",穴施,1569,15,2024-05-19 21:15:52
738,FP738,生物肥信息738,嘉施利,生物肥,14.2,20.0,15.0,"{""Fe"": 0.43, ""Zn"": 0.69, ""B"": 0.43, ""Cu"": 0.13, ""Mn"": 1.32}",基施,3144,23,2025-05-21 04:16:09
739,FP739,有机肥广告739,云天化,有机肥,19.3,23.9,20.9,"{""Fe"": 0.96, ""Zn"": 0.53, ""B"": 0.29, ""Cu"": 0.02, ""Mn"": 0.78}",冲施,3656,31,2025-05-04 14:26:11
740,FP740,复合肥加入740,盐湖股份,复合肥,24.9,23.0,24.7,"{""Fe"": 1.71, ""Zn"": 0.16, ""B"": 0.38, ""Cu"": 0.2, ""Mn"": 0.64}",滴灌,2720,17,2024-04-11 13:11:24
741,FP741,叶面肥留言741,云天化,叶面肥,11.8,5.2,7.7,"{""Fe"": 1.52, ""Zn"": 0.98, ""B"": 0.27, ""Cu"": 0.09, ""Mn"": 0.88}",撒施,2523,32,2024-11-07 00:51:32
742,FP742,磷肥影响742,金正大,磷肥,0,13.4,0,,叶面喷施,1984,24,2024-11-05 07:10:35
743,FP743,氮肥分析743,嘉施利,氮肥,27.9,0,0,,叶面喷施,2266,35,2025-02-13 17:05:01
744,FP744,钾肥日本744,中化集团,钾肥,0,0,59.2,"{""Fe"": 1.71, ""Zn"": 0.34, ""B"": 0.29, ""Cu"": 0.07, ""Mn"": 1.39}",撒施,3090,24,2024-09-28 00:15:57
745,FP745,有机肥包括745,金正大,有机肥,13.0,21.3,6.0,"{""Fe"": 0.86, ""Zn"": 0.94, ""B"": 0.3, ""Cu"": 0.17, ""Mn"": 0.47}",基施,3268,18,2023-10-27 04:47:40
746,FP746,复合肥选择746,六国化工,复合肥,15.1,24.5,24.7,"{""Fe"": 0.33, ""Zn"": 0.36, ""B"": 0.31, ""Cu"": 0.15, ""Mn"": 0.45}",条施,2412,14,2024-10-15 23:59:43
747,FP747,微量元素肥不要747,中化集团,微量元素肥,17.6,19.1,20.8,"{""Fe"": 0.57, ""Zn"": 0.08, ""B"": 0.15, ""Cu"": 0.17, ""Mn"": 1.31}",冲施,3600,35,2023-09-07 13:21:35
748,FP748,生物肥服务748,史丹利,生物肥,6.9,20.2,12.0,"{""Fe"": 0.83, ""Zn"": 0.81, ""B"": 0.48, ""Cu"": 0.15, ""Mn"": 1.03}",滴灌,3479,15,2024-04-01 14:47:21
749,FP749,有机肥品牌749,东海钾肥,有机肥,21.8,18.3,7.3,"{""Fe"": 0.51, ""Zn"": 0.88, ""B"": 0.25, ""Cu"": 0.05, ""Mn"": 0.63}",叶面喷施,3385,31,2025-01-07 21:43:29
750,FP750,叶面肥一下750,云天化,叶面肥,14.3,20.3,17.7,,滴灌,2883,19,2025-04-13 06:41:47
751,FP751,有机肥开发751,六国化工,有机肥,5.8,11.6,12.9,"{""Fe"": 0.57, ""Zn"": 0.55, ""B"": 0.44, ""Cu"": 0.23, ""Mn"": 1.1}",冲施,3485,22,2023-09-17 06:52:21
752,FP752,复合肥能力752,六国化工,复合肥,15.8,18.2,13.2,"{""Fe"": 0.42, ""Zn"": 0.36, ""B"": 0.28, ""Cu"": 0.15, ""Mn"": 0.14}",冲施,3402,36,2023-09-25 10:05:03
753,FP753,有机肥质量753,盐湖股份,有机肥,22.6,10.8,8.2,"{""Fe"": 0.34, ""Zn"": 0.34, ""B"": 0.46, ""Cu"": 0.11, ""Mn"": 0.73}",滴灌,3676,15,2023-09-08 17:47:02
754,FP754,生物肥学生754,史丹利,生物肥,12.2,6.6,18.1,"{""Fe"": 0.9, ""Zn"": 0.45, ""B"": 0.33, ""Cu"": 0.08, ""Mn"": 0.18}",条施,3749,31,2023-06-29 10:32:32
755,FP755,叶面肥大家755,嘉施利,叶面肥,21.1,6.8,7.7,,穴施,3527,23,2024-04-24 01:58:54
756,FP756,有机肥当然756,云天化,有机肥,19.9,7.7,7.6,,冲施,2776,12,2025-01-09 23:53:00
757,FP757,微量元素肥看到757,云天化,微量元素肥,19.4,7.8,20.6,"{""Fe"": 1.99, ""Zn"": 0.93, ""B"": 0.49, ""Cu"": 0.28, ""Mn"": 1.25}",穴施,3051,21,2024-12-14 07:29:10
758,FP758,氮肥我的758,嘉施利,氮肥,39.9,0,0,"{""Fe"": 0.44, ""Zn"": 0.97, ""B"": 0.25, ""Cu"": 0.18, ""Mn"": 0.36}",条施,2498,20,2025-01-17 22:47:54
759,FP759,钾肥继续759,中化集团,钾肥,0,0,54.0,,滴灌,2996,16,2025-03-28 23:10:49
760,FP760,叶面肥但是760,东海钾肥,叶面肥,7.3,17.9,11.0,"{""Fe"": 0.89, ""Zn"": 0.6, ""B"": 0.28, ""Cu"": 0.04, ""Mn"": 0.3}",条施,3119,14,2025-04-18 18:54:53
761,FP761,有机肥出来761,东海钾肥,有机肥,7.3,8.7,17.8,"{""Fe"": 0.94, ""Zn"": 0.56, ""B"": 0.11, ""Cu"": 0.1, ""Mn"": 1.34}",叶面喷施,3384,34,2025-05-22 09:05:58
762,FP762,叶面肥就是762,盐湖股份,叶面肥,12.8,13.1,15.4,,穴施,2704,24,2023-06-14 20:59:48
763,FP763,复合肥大学763,史丹利,复合肥,9.0,15.5,14.5,,叶面喷施,3442,17,2024-09-13 15:56:45
764,FP764,氮肥一个764,中化集团,氮肥,46.2,0,0,,冲施,2018,26,2023-12-03 23:40:24
765,FP765,磷肥会员765,盐湖股份,磷肥,0,17.9,0,,撒施,1838,30,2025-02-20 04:41:56
766,FP766,有机肥类别766,嘉施利,有机肥,12.4,10.1,24.5,"{""Fe"": 0.2, ""Zn"": 0.54, ""B"": 0.24, ""Cu"": 0.24, ""Mn"": 0.6}",滴灌,2238,17,2024-07-23 00:30:10
767,FP767,微量元素肥学习767,嘉施利,微量元素肥,12.0,12.9,15.5,"{""Fe"": 0.9, ""Zn"": 0.33, ""B"": 0.06, ""Cu"": 0.02, ""Mn"": 1.42}",条施,2569,24,2023-09-05 17:02:29
768,FP768,有机肥都是768,中化集团,有机肥,10.6,19.5,8.8,,冲施,2325,16,2023-06-30 21:53:50
769,FP769,微量元素肥会员769,中化集团,微量元素肥,24.8,14.7,9.3,"{""Fe"": 1.79, ""Zn"": 0.31, ""B"": 0.45, ""Cu"": 0.06, ""Mn"": 0.55}",滴灌,3041,15,2024-04-27 04:43:25
770,FP770,氮肥也是770,东海钾肥,氮肥,26.7,0,0,,叶面喷施,2599,27,2024-11-13 11:36:45
771,FP771,有机肥以下771,中化集团,有机肥,9.1,9.0,12.4,"{""Fe"": 1.74, ""Zn"": 0.7, ""B"": 0.1, ""Cu"": 0.07, ""Mn"": 1.48}",滴灌,2446,24,2024-04-15 11:05:53
772,FP772,氮肥作为772,史丹利,氮肥,30.3,0,0,,撒施,2163,27,2024-08-10 22:52:43
773,FP773,氮肥说明773,盐湖股份,氮肥,42.3,0,0,"{""Fe"": 0.36, ""Zn"": 0.98, ""B"": 0.03, ""Cu"": 0.15, ""Mn"": 0.4}",滴灌,2693,30,2025-01-30 19:55:07
774,FP774,氮肥原因774,史丹利,氮肥,35.4,0,0,,穴施,2266,25,2025-05-30 05:57:41
775,FP775,钾肥学校775,金正大,钾肥,0,0,53.3,"{""Fe"": 0.48, ""Zn"": 0.93, ""B"": 0.38, ""Cu"": 0.17, ""Mn"": 0.92}",撒施,3391,33,2024-09-04 23:42:58
776,FP776,微量元素肥最后776,史丹利,微量元素肥,23.4,14.6,7.4,,叶面喷施,3206,30,2023-08-31 15:30:09
777,FP777,有机肥回复777,六国化工,有机肥,11.1,18.4,23.5,"{""Fe"": 0.1, ""Zn"": 0.28, ""B"": 0.03, ""Cu"": 0.09, ""Mn"": 0.82}",穴施,2838,22,2024-06-01 04:00:29
778,FP778,磷肥方式778,嘉施利,磷肥,0,16.5,0,,撒施,1514,22,2024-06-10 12:38:26
779,FP779,钾肥学习779,史丹利,钾肥,0,0,46.0,,滴灌,3240,25,2023-12-18 10:34:35
780,FP780,钾肥起来780,金正大,钾肥,0,0,52.8,"{""Fe"": 1.76, ""Zn"": 0.23, ""B"": 0.24, ""Cu"": 0.15, ""Mn"": 0.23}",基施,2923,26,2024-09-29 11:33:15
781,FP781,氮肥不断781,盐湖股份,氮肥,46.0,0,0,,穴施,2671,25,2025-05-28 18:47:24
782,FP782,磷肥的话782,金正大,磷肥,0,15.9,0,,撒施,1578,24,2024-03-25 04:52:46
783,FP783,生物肥使用783,中化集团,生物肥,9.0,10.2,5.0,"{""Fe"": 1.69, ""Zn"": 0.92, ""B"": 0.31, ""Cu"": 0.14, ""Mn"": 0.7}",条施,2349,13,2024-09-23 11:39:56
784,FP784,氮肥这些784,金正大,氮肥,47.5,0,0,,穴施,2709,27,2023-10-09 07:56:45
785,FP785,有机肥是一785,史丹利,有机肥,15.7,24.9,19.0,,滴灌,2519,14,2024-01-09 00:29:27
786,FP786,氮肥简介786,金正大,氮肥,49.3,0,0,"{""Fe"": 0.66, ""Zn"": 0.35, ""B"": 0.39, ""Cu"": 0.05, ""Mn"": 0.64}",冲施,2329,25,2024-10-22 22:39:04
787,FP787,磷肥加入787,嘉施利,磷肥,0,12.1,0,"{""Fe"": 1.31, ""Zn"": 0.97, ""B"": 0.46, ""Cu"": 0.28, ""Mn"": 1.44}",冲施,2112,23,2024-02-14 12:34:35
788,FP788,氮肥作者788,盐湖股份,氮肥,43.7,0,0,"{""Fe"": 1.34, ""Zn"": 0.88, ""B"": 0.1, ""Cu"": 0.07, ""Mn"": 1.12}",撒施,2075,30,2025-05-08 07:40:31
789,FP789,微量元素肥出来789,六国化工,微量元素肥,23.0,18.6,21.0,,条施,2542,24,2024-06-25 03:46:48
790,FP790,钾肥学习790,金正大,钾肥,0,0,48.9,,基施,2986,29,2024-03-18 00:18:11
791,FP791,磷肥一次791,东海钾肥,磷肥,0,18.1,0,"{""Fe"": 1.31, ""Zn"": 0.77, ""B"": 0.17, ""Cu"": 0.24, ""Mn"": 0.52}",条施,2057,14,2024-11-05 03:56:31
792,FP792,叶面肥准备792,云天化,叶面肥,14.7,22.3,7.8,,条施,3533,25,2024-09-07 14:53:42
793,FP793,磷肥具有793,史丹利,磷肥,0,12.9,0,"{""Fe"": 0.34, ""Zn"": 0.17, ""B"": 0.28, ""Cu"": 0.25, ""Mn"": 0.8}",滴灌,1670,36,2024-01-02 15:17:56
794,FP794,钾肥空间794,六国化工,钾肥,0,0,64.4,"{""Fe"": 1.53, ""Zn"": 0.25, ""B"": 0.15, ""Cu"": 0.13, ""Mn"": 1.05}",穴施,2816,17,2023-07-08 04:28:04
795,FP795,生物肥其实795,中化集团,生物肥,20.7,12.1,15.5,,条施,3010,27,2023-06-29 16:00:36
796,FP796,有机肥显示796,史丹利,有机肥,19.2,8.6,15.8,"{""Fe"": 0.25, ""Zn"": 0.96, ""B"": 0.26, ""Cu"": 0.28, ""Mn"": 0.38}",条施,3048,24,2025-02-12 15:17:41
797,FP797,磷肥数据797,嘉施利,磷肥,0,13.1,0,"{""Fe"": 1.44, ""Zn"": 0.65, ""B"": 0.35, ""Cu"": 0.12, ""Mn"": 0.87}",滴灌,1932,36,2025-02-18 04:40:52
798,FP798,磷肥成功798,嘉施利,磷肥,0,16.0,0,,叶面喷施,1776,34,2024-12-03 11:52:31
799,FP799,磷肥情况799,东海钾肥,磷肥,0,17.1,0,,条施,1708,13,2024-07-07 14:06:21
800,FP800,钾肥新闻800,六国化工,钾肥,0,0,63.1,,叶面喷施,3213,21,2023-09-17 19:08:59
